A1	1
A2	=A1 + 1
A3	=A2 + 1
A4	=A3 + 1
A5	=A4 + 1
A6	=A5 + 1
A7	=A6 + 1
A8	=A7 + 1
A9	=A8 + 1
A10	=A9 + 1
A11	=A10 + 1
A12	=A11 + 1
A13	=A12 + 1
A14	=A13 + 1
A15	=A14 + 1
A16	=A15 + 1
A17	=A16 + 1
A18	=A17 + 1
A19	=A18 + 1
A20	=A19 + 1
A21	=A20 + 1
A22	=A21 + 1
A23	=A22 + 1
A24	=A23 + 1
A25	=A24 + 1
A26	=A25 + 1
A27	=A26 + 1
A28	=A27 + 1
A29	=A28 + 1
A30	=A29 + 1
A31	=A30 + 1
A32	=A31 + 1
A33	=A32 + 1
A34	=A33 + 1
A35	=A34 + 1
A36	=A35 + 1
A37	=A36 + 1
A38	=A37 + 1
A39	=A38 + 1
A40	=A39 + 1
A41	=A40 + 1
A42	=A41 + 1
A43	=A42 + 1
A44	=A43 + 1
A45	=A44 + 1
A46	=A45 + 1
A47	=A46 + 1
A48	=A47 + 1
A49	=A48 + 1
A50	=A49 + 1
A51	=A50 + 1
A52	=A51 + 1
A53	=A52 + 1
A54	=A53 + 1
A55	=A54 + 1
A56	=A55 + 1
A57	=A56 + 1
A58	=A57 + 1
A59	=A58 + 1
A60	=A59 + 1
A61	=A60 + 1
A62	=A61 + 1
A63	=A62 + 1
A64	=A63 + 1
A65	=A64 + 1
A66	=A65 + 1
A67	=A66 + 1
A68	=A67 + 1
A69	=A68 + 1
A70	=A69 + 1
A71	=A70 + 1
A72	=A71 + 1
A73	=A72 + 1
A74	=A73 + 1
A75	=A74 + 1
A76	=A75 + 1
A77	=A76 + 1
A78	=A77 + 1
A79	=A78 + 1
A80	=A79 + 1
A81	=A80 + 1
A82	=A81 + 1
A83	=A82 + 1
A84	=A83 + 1
A85	=A84 + 1
A86	=A85 + 1
A87	=A86 + 1
A88	=A87 + 1
A89	=A88 + 1
A90	=A89 + 1
A91	=A90 + 1
A92	=A91 + 1
A93	=A92 + 1
A94	=A93 + 1
A95	=A94 + 1
A96	=A95 + 1
A97	=A96 + 1
A98	=A97 + 1
A99	=A98 + 1
A100	=A99 + 1
A101	=A100 + 1
A102	=A101 + 1
A103	=A102 + 1
A104	=A103 + 1
A105	=A104 + 1
A106	=A105 + 1
A107	=A106 + 1
A108	=A107 + 1
A109	=A108 + 1
A110	=A109 + 1
A111	=A110 + 1
A112	=A111 + 1
A113	=A112 + 1
A114	=A113 + 1
A115	=A114 + 1
A116	=A115 + 1
A117	=A116 + 1
A118	=A117 + 1
A119	=A118 + 1
A120	=A119 + 1
A121	=A120 + 1
A122	=A121 + 1
A123	=A122 + 1
A124	=A123 + 1
A125	=A124 + 1
A126	=A125 + 1
A127	=A126 + 1
A128	=A127 + 1
A129	=A128 + 1
A130	=A129 + 1
A131	=A130 + 1
A132	=A131 + 1
A133	=A132 + 1
A134	=A133 + 1
A135	=A134 + 1
A136	=A135 + 1
A137	=A136 + 1
A138	=A137 + 1
A139	=A138 + 1
A140	=A139 + 1
A141	=A140 + 1
A142	=A141 + 1
A143	=A142 + 1
A144	=A143 + 1
A145	=A144 + 1
A146	=A145 + 1
A147	=A146 + 1
A148	=A147 + 1
A149	=A148 + 1
A150	=A149 + 1
A151	=A150 + 1
A152	=A151 + 1
A153	=A152 + 1
A154	=A153 + 1
A155	=A154 + 1
A156	=A155 + 1
A157	=A156 + 1
A158	=A157 + 1
A159	=A158 + 1
A160	=A159 + 1
A161	=A160 + 1
A162	=A161 + 1
A163	=A162 + 1
A164	=A163 + 1
A165	=A164 + 1
A166	=A165 + 1
A167	=A166 + 1
A168	=A167 + 1
A169	=A168 + 1
A170	=A169 + 1
A171	=A170 + 1
A172	=A171 + 1
A173	=A172 + 1
A174	=A173 + 1
A175	=A174 + 1
A176	=A175 + 1
A177	=A176 + 1
A178	=A177 + 1
A179	=A178 + 1
A180	=A179 + 1
A181	=A180 + 1
A182	=A181 + 1
A183	=A182 + 1
A184	=A183 + 1
A185	=A184 + 1
A186	=A185 + 1
A187	=A186 + 1
A188	=A187 + 1
A189	=A188 + 1
A190	=A189 + 1
A191	=A190 + 1
A192	=A191 + 1
A193	=A192 + 1
A194	=A193 + 1
A195	=A194 + 1
A196	=A195 + 1
A197	=A196 + 1
A198	=A197 + 1
A199	=A198 + 1
A200	=A199 + 1
A201	=A200 + 1
A202	=A201 + 1
A203	=A202 + 1
A204	=A203 + 1
A205	=A204 + 1
A206	=A205 + 1
A207	=A206 + 1
A208	=A207 + 1
A209	=A208 + 1
A210	=A209 + 1
A211	=A210 + 1
A212	=A211 + 1
A213	=A212 + 1
A214	=A213 + 1
A215	=A214 + 1
A216	=A215 + 1
A217	=A216 + 1
A218	=A217 + 1
A219	=A218 + 1
A220	=A219 + 1
A221	=A220 + 1
A222	=A221 + 1
A223	=A222 + 1
A224	=A223 + 1
A225	=A224 + 1
A226	=A225 + 1
A227	=A226 + 1
A228	=A227 + 1
A229	=A228 + 1
A230	=A229 + 1
A231	=A230 + 1
A232	=A231 + 1
A233	=A232 + 1
A234	=A233 + 1
A235	=A234 + 1
A236	=A235 + 1
A237	=A236 + 1
A238	=A237 + 1
A239	=A238 + 1
A240	=A239 + 1
A241	=A240 + 1
A242	=A241 + 1
A243	=A242 + 1
A244	=A243 + 1
A245	=A244 + 1
A246	=A245 + 1
A247	=A246 + 1
A248	=A247 + 1
A249	=A248 + 1
A250	=A249 + 1
A251	=A250 + 1
A252	=A251 + 1
A253	=A252 + 1
A254	=A253 + 1
A255	=A254 + 1
A256	=A255 + 1
A257	=A256 + 1
A258	=A257 + 1
A259	=A258 + 1
A260	=A259 + 1
A261	=A260 + 1
A262	=A261 + 1
A263	=A262 + 1
A264	=A263 + 1
A265	=A264 + 1
A266	=A265 + 1
A267	=A266 + 1
A268	=A267 + 1
A269	=A268 + 1
A270	=A269 + 1
A271	=A270 + 1
A272	=A271 + 1
A273	=A272 + 1
A274	=A273 + 1
A275	=A274 + 1
A276	=A275 + 1
A277	=A276 + 1
A278	=A277 + 1
A279	=A278 + 1
A280	=A279 + 1
A281	=A280 + 1
A282	=A281 + 1
A283	=A282 + 1
A284	=A283 + 1
A285	=A284 + 1
A286	=A285 + 1
A287	=A286 + 1
A288	=A287 + 1
A289	=A288 + 1
A290	=A289 + 1
A291	=A290 + 1
A292	=A291 + 1
A293	=A292 + 1
A294	=A293 + 1
A295	=A294 + 1
A296	=A295 + 1
A297	=A296 + 1
A298	=A297 + 1
A299	=A298 + 1
A300	=A299 + 1
A301	=A300 + 1
A302	=A301 + 1
A303	=A302 + 1
A304	=A303 + 1
A305	=A304 + 1
A306	=A305 + 1
A307	=A306 + 1
A308	=A307 + 1
A309	=A308 + 1
A310	=A309 + 1
A311	=A310 + 1
A312	=A311 + 1
A313	=A312 + 1
A314	=A313 + 1
A315	=A314 + 1
A316	=A315 + 1
A317	=A316 + 1
A318	=A317 + 1
A319	=A318 + 1
A320	=A319 + 1
A321	=A320 + 1
A322	=A321 + 1
A323	=A322 + 1
A324	=A323 + 1
A325	=A324 + 1
A326	=A325 + 1
A327	=A326 + 1
A328	=A327 + 1
A329	=A328 + 1
A330	=A329 + 1
A331	=A330 + 1
A332	=A331 + 1
A333	=A332 + 1
A334	=A333 + 1
A335	=A334 + 1
A336	=A335 + 1
A337	=A336 + 1
A338	=A337 + 1
A339	=A338 + 1
A340	=A339 + 1
A341	=A340 + 1
A342	=A341 + 1
A343	=A342 + 1
A344	=A343 + 1
A345	=A344 + 1
A346	=A345 + 1
A347	=A346 + 1
A348	=A347 + 1
A349	=A348 + 1
A350	=A349 + 1
A351	=A350 + 1
A352	=A351 + 1
A353	=A352 + 1
A354	=A353 + 1
A355	=A354 + 1
A356	=A355 + 1
A357	=A356 + 1
A358	=A357 + 1
A359	=A358 + 1
A360	=A359 + 1
A361	=A360 + 1
A362	=A361 + 1
A363	=A362 + 1
A364	=A363 + 1
A365	=A364 + 1
A366	=A365 + 1
A367	=A366 + 1
A368	=A367 + 1
A369	=A368 + 1
A370	=A369 + 1
A371	=A370 + 1
A372	=A371 + 1
A373	=A372 + 1
A374	=A373 + 1
A375	=A374 + 1
A376	=A375 + 1
A377	=A376 + 1
A378	=A377 + 1
A379	=A378 + 1
A380	=A379 + 1
A381	=A380 + 1
A382	=A381 + 1
A383	=A382 + 1
A384	=A383 + 1
A385	=A384 + 1
A386	=A385 + 1
A387	=A386 + 1
A388	=A387 + 1
A389	=A388 + 1
A390	=A389 + 1
A391	=A390 + 1
A392	=A391 + 1
A393	=A392 + 1
A394	=A393 + 1
A395	=A394 + 1
A396	=A395 + 1
A397	=A396 + 1
A398	=A397 + 1
A399	=A398 + 1
A400	=A399 + 1
A401	=A400 + 1
A402	=A401 + 1
A403	=A402 + 1
A404	=A403 + 1
A405	=A404 + 1
A406	=A405 + 1
A407	=A406 + 1
A408	=A407 + 1
A409	=A408 + 1
A410	=A409 + 1
A411	=A410 + 1
A412	=A411 + 1
A413	=A412 + 1
A414	=A413 + 1
A415	=A414 + 1
A416	=A415 + 1
A417	=A416 + 1
A418	=A417 + 1
A419	=A418 + 1
A420	=A419 + 1
A421	=A420 + 1
A422	=A421 + 1
A423	=A422 + 1
A424	=A423 + 1
A425	=A424 + 1
A426	=A425 + 1
A427	=A426 + 1
A428	=A427 + 1
A429	=A428 + 1
A430	=A429 + 1
A431	=A430 + 1
A432	=A431 + 1
A433	=A432 + 1
A434	=A433 + 1
A435	=A434 + 1
A436	=A435 + 1
A437	=A436 + 1
A438	=A437 + 1
A439	=A438 + 1
A440	=A439 + 1
A441	=A440 + 1
A442	=A441 + 1
A443	=A442 + 1
A444	=A443 + 1
A445	=A444 + 1
A446	=A445 + 1
A447	=A446 + 1
A448	=A447 + 1
A449	=A448 + 1
A450	=A449 + 1
A451	=A450 + 1
A452	=A451 + 1
A453	=A452 + 1
A454	=A453 + 1
A455	=A454 + 1
A456	=A455 + 1
A457	=A456 + 1
A458	=A457 + 1
A459	=A458 + 1
A460	=A459 + 1
A461	=A460 + 1
A462	=A461 + 1
A463	=A462 + 1
A464	=A463 + 1
A465	=A464 + 1
A466	=A465 + 1
A467	=A466 + 1
A468	=A467 + 1
A469	=A468 + 1
A470	=A469 + 1
A471	=A470 + 1
A472	=A471 + 1
A473	=A472 + 1
A474	=A473 + 1
A475	=A474 + 1
A476	=A475 + 1
A477	=A476 + 1
A478	=A477 + 1
A479	=A478 + 1
A480	=A479 + 1
A481	=A480 + 1
A482	=A481 + 1
A483	=A482 + 1
A484	=A483 + 1
A485	=A484 + 1
A486	=A485 + 1
A487	=A486 + 1
A488	=A487 + 1
A489	=A488 + 1
A490	=A489 + 1
A491	=A490 + 1
A492	=A491 + 1
A493	=A492 + 1
A494	=A493 + 1
A495	=A494 + 1
A496	=A495 + 1
A497	=A496 + 1
A498	=A497 + 1
A499	=A498 + 1
A500	=A499 + 1
A501	=A500 + 1
A502	=A501 + 1
A503	=A502 + 1
A504	=A503 + 1
A505	=A504 + 1
A506	=A505 + 1
A507	=A506 + 1
A508	=A507 + 1
A509	=A508 + 1
A510	=A509 + 1
A511	=A510 + 1
A512	=A511 + 1
A513	=A512 + 1
A514	=A513 + 1
A515	=A514 + 1
A516	=A515 + 1
A517	=A516 + 1
A518	=A517 + 1
A519	=A518 + 1
A520	=A519 + 1
A521	=A520 + 1
A522	=A521 + 1
A523	=A522 + 1
A524	=A523 + 1
A525	=A524 + 1
A526	=A525 + 1
A527	=A526 + 1
A528	=A527 + 1
A529	=A528 + 1
A530	=A529 + 1
A531	=A530 + 1
A532	=A531 + 1
A533	=A532 + 1
A534	=A533 + 1
A535	=A534 + 1
A536	=A535 + 1
A537	=A536 + 1
A538	=A537 + 1
A539	=A538 + 1
A540	=A539 + 1
A541	=A540 + 1
A542	=A541 + 1
A543	=A542 + 1
A544	=A543 + 1
A545	=A544 + 1
A546	=A545 + 1
A547	=A546 + 1
A548	=A547 + 1
A549	=A548 + 1
A550	=A549 + 1
A551	=A550 + 1
A552	=A551 + 1
A553	=A552 + 1
A554	=A553 + 1
A555	=A554 + 1
A556	=A555 + 1
A557	=A556 + 1
A558	=A557 + 1
A559	=A558 + 1
A560	=A559 + 1
A561	=A560 + 1
A562	=A561 + 1
A563	=A562 + 1
A564	=A563 + 1
A565	=A564 + 1
A566	=A565 + 1
A567	=A566 + 1
A568	=A567 + 1
A569	=A568 + 1
A570	=A569 + 1
A571	=A570 + 1
A572	=A571 + 1
A573	=A572 + 1
A574	=A573 + 1
A575	=A574 + 1
A576	=A575 + 1
A577	=A576 + 1
A578	=A577 + 1
A579	=A578 + 1
A580	=A579 + 1
A581	=A580 + 1
A582	=A581 + 1
A583	=A582 + 1
A584	=A583 + 1
A585	=A584 + 1
A586	=A585 + 1
A587	=A586 + 1
A588	=A587 + 1
A589	=A588 + 1
A590	=A589 + 1
A591	=A590 + 1
A592	=A591 + 1
A593	=A592 + 1
A594	=A593 + 1
A595	=A594 + 1
A596	=A595 + 1
A597	=A596 + 1
A598	=A597 + 1
A599	=A598 + 1
A600	=A599 + 1
A601	=A600 + 1
A602	=A601 + 1
A603	=A602 + 1
A604	=A603 + 1
A605	=A604 + 1
A606	=A605 + 1
A607	=A606 + 1
A608	=A607 + 1
A609	=A608 + 1
A610	=A609 + 1
A611	=A610 + 1
A612	=A611 + 1
A613	=A612 + 1
A614	=A613 + 1
A615	=A614 + 1
A616	=A615 + 1
A617	=A616 + 1
A618	=A617 + 1
A619	=A618 + 1
A620	=A619 + 1
A621	=A620 + 1
A622	=A621 + 1
A623	=A622 + 1
A624	=A623 + 1
A625	=A624 + 1
A626	=A625 + 1
A627	=A626 + 1
A628	=A627 + 1
A629	=A628 + 1
A630	=A629 + 1
A631	=A630 + 1
A632	=A631 + 1
A633	=A632 + 1
A634	=A633 + 1
A635	=A634 + 1
A636	=A635 + 1
A637	=A636 + 1
A638	=A637 + 1
A639	=A638 + 1
A640	=A639 + 1
A641	=A640 + 1
A642	=A641 + 1
A643	=A642 + 1
A644	=A643 + 1
A645	=A644 + 1
A646	=A645 + 1
A647	=A646 + 1
A648	=A647 + 1
A649	=A648 + 1
A650	=A649 + 1
A651	=A650 + 1
A652	=A651 + 1
A653	=A652 + 1
A654	=A653 + 1
A655	=A654 + 1
A656	=A655 + 1
A657	=A656 + 1
A658	=A657 + 1
A659	=A658 + 1
A660	=A659 + 1
A661	=A660 + 1
A662	=A661 + 1
A663	=A662 + 1
A664	=A663 + 1
A665	=A664 + 1
A666	=A665 + 1
A667	=A666 + 1
A668	=A667 + 1
A669	=A668 + 1
A670	=A669 + 1
A671	=A670 + 1
A672	=A671 + 1
A673	=A672 + 1
A674	=A673 + 1
A675	=A674 + 1
A676	=A675 + 1
A677	=A676 + 1
A678	=A677 + 1
A679	=A678 + 1
A680	=A679 + 1
A681	=A680 + 1
A682	=A681 + 1
A683	=A682 + 1
A684	=A683 + 1
A685	=A684 + 1
A686	=A685 + 1
A687	=A686 + 1
A688	=A687 + 1
A689	=A688 + 1
A690	=A689 + 1
A691	=A690 + 1
A692	=A691 + 1
A693	=A692 + 1
A694	=A693 + 1
A695	=A694 + 1
A696	=A695 + 1
A697	=A696 + 1
A698	=A697 + 1
A699	=A698 + 1
A700	=A699 + 1
A701	=A700 + 1
A702	=A701 + 1
A703	=A702 + 1
A704	=A703 + 1
A705	=A704 + 1
A706	=A705 + 1
A707	=A706 + 1
A708	=A707 + 1
A709	=A708 + 1
A710	=A709 + 1
A711	=A710 + 1
A712	=A711 + 1
A713	=A712 + 1
A714	=A713 + 1
A715	=A714 + 1
A716	=A715 + 1
A717	=A716 + 1
A718	=A717 + 1
A719	=A718 + 1
A720	=A719 + 1
A721	=A720 + 1
A722	=A721 + 1
A723	=A722 + 1
A724	=A723 + 1
A725	=A724 + 1
A726	=A725 + 1
A727	=A726 + 1
A728	=A727 + 1
A729	=A728 + 1
A730	=A729 + 1
A731	=A730 + 1
A732	=A731 + 1
A733	=A732 + 1
A734	=A733 + 1
A735	=A734 + 1
A736	=A735 + 1
A737	=A736 + 1
A738	=A737 + 1
A739	=A738 + 1
A740	=A739 + 1
A741	=A740 + 1
A742	=A741 + 1
A743	=A742 + 1
A744	=A743 + 1
A745	=A744 + 1
A746	=A745 + 1
A747	=A746 + 1
A748	=A747 + 1
A749	=A748 + 1
A750	=A749 + 1
A751	=A750 + 1
A752	=A751 + 1
A753	=A752 + 1
A754	=A753 + 1
A755	=A754 + 1
A756	=A755 + 1
A757	=A756 + 1
A758	=A757 + 1
A759	=A758 + 1
A760	=A759 + 1
A761	=A760 + 1
A762	=A761 + 1
A763	=A762 + 1
A764	=A763 + 1
A765	=A764 + 1
A766	=A765 + 1
A767	=A766 + 1
A768	=A767 + 1
A769	=A768 + 1
A770	=A769 + 1
A771	=A770 + 1
A772	=A771 + 1
A773	=A772 + 1
A774	=A773 + 1
A775	=A774 + 1
A776	=A775 + 1
A777	=A776 + 1
A778	=A777 + 1
A779	=A778 + 1
A780	=A779 + 1
A781	=A780 + 1
A782	=A781 + 1
A783	=A782 + 1
A784	=A783 + 1
A785	=A784 + 1
A786	=A785 + 1
A787	=A786 + 1
A788	=A787 + 1
A789	=A788 + 1
A790	=A789 + 1
A791	=A790 + 1
A792	=A791 + 1
A793	=A792 + 1
A794	=A793 + 1
A795	=A794 + 1
A796	=A795 + 1
A797	=A796 + 1
A798	=A797 + 1
A799	=A798 + 1
A800	=A799 + 1
A801	=A800 + 1
A802	=A801 + 1
A803	=A802 + 1
A804	=A803 + 1
A805	=A804 + 1
A806	=A805 + 1
A807	=A806 + 1
A808	=A807 + 1
A809	=A808 + 1
A810	=A809 + 1
A811	=A810 + 1
A812	=A811 + 1
A813	=A812 + 1
A814	=A813 + 1
A815	=A814 + 1
A816	=A815 + 1
A817	=A816 + 1
A818	=A817 + 1
A819	=A818 + 1
A820	=A819 + 1
A821	=A820 + 1
A822	=A821 + 1
A823	=A822 + 1
A824	=A823 + 1
A825	=A824 + 1
A826	=A825 + 1
A827	=A826 + 1
A828	=A827 + 1
A829	=A828 + 1
A830	=A829 + 1
A831	=A830 + 1
A832	=A831 + 1
A833	=A832 + 1
A834	=A833 + 1
A835	=A834 + 1
A836	=A835 + 1
A837	=A836 + 1
A838	=A837 + 1
A839	=A838 + 1
A840	=A839 + 1
A841	=A840 + 1
A842	=A841 + 1
A843	=A842 + 1
A844	=A843 + 1
A845	=A844 + 1
A846	=A845 + 1
A847	=A846 + 1
A848	=A847 + 1
A849	=A848 + 1
A850	=A849 + 1
A851	=A850 + 1
A852	=A851 + 1
A853	=A852 + 1
A854	=A853 + 1
A855	=A854 + 1
A856	=A855 + 1
A857	=A856 + 1
A858	=A857 + 1
A859	=A858 + 1
A860	=A859 + 1
A861	=A860 + 1
A862	=A861 + 1
A863	=A862 + 1
A864	=A863 + 1
A865	=A864 + 1
A866	=A865 + 1
A867	=A866 + 1
A868	=A867 + 1
A869	=A868 + 1
A870	=A869 + 1
A871	=A870 + 1
A872	=A871 + 1
A873	=A872 + 1
A874	=A873 + 1
A875	=A874 + 1
A876	=A875 + 1
A877	=A876 + 1
A878	=A877 + 1
A879	=A878 + 1
A880	=A879 + 1
A881	=A880 + 1
A882	=A881 + 1
A883	=A882 + 1
A884	=A883 + 1
A885	=A884 + 1
A886	=A885 + 1
A887	=A886 + 1
A888	=A887 + 1
A889	=A888 + 1
A890	=A889 + 1
A891	=A890 + 1
A892	=A891 + 1
A893	=A892 + 1
A894	=A893 + 1
A895	=A894 + 1
A896	=A895 + 1
A897	=A896 + 1
A898	=A897 + 1
A899	=A898 + 1
A900	=A899 + 1
A901	=A900 + 1
A902	=A901 + 1
A903	=A902 + 1
A904	=A903 + 1
A905	=A904 + 1
A906	=A905 + 1
A907	=A906 + 1
A908	=A907 + 1
A909	=A908 + 1
A910	=A909 + 1
A911	=A910 + 1
A912	=A911 + 1
A913	=A912 + 1
A914	=A913 + 1
A915	=A914 + 1
A916	=A915 + 1
A917	=A916 + 1
A918	=A917 + 1
A919	=A918 + 1
A920	=A919 + 1
A921	=A920 + 1
A922	=A921 + 1
A923	=A922 + 1
A924	=A923 + 1
A925	=A924 + 1
A926	=A925 + 1
A927	=A926 + 1
A928	=A927 + 1
A929	=A928 + 1
A930	=A929 + 1
A931	=A930 + 1
A932	=A931 + 1
A933	=A932 + 1
A934	=A933 + 1
A935	=A934 + 1
A936	=A935 + 1
A937	=A936 + 1
A938	=A937 + 1
A939	=A938 + 1
A940	=A939 + 1
A941	=A940 + 1
A942	=A941 + 1
A943	=A942 + 1
A944	=A943 + 1
A945	=A944 + 1
A946	=A945 + 1
A947	=A946 + 1
A948	=A947 + 1
A949	=A948 + 1
A950	=A949 + 1
A951	=A950 + 1
A952	=A951 + 1
A953	=A952 + 1
A954	=A953 + 1
A955	=A954 + 1
A956	=A955 + 1
A957	=A956 + 1
A958	=A957 + 1
A959	=A958 + 1
A960	=A959 + 1
A961	=A960 + 1
A962	=A961 + 1
A963	=A962 + 1
A964	=A963 + 1
A965	=A964 + 1
A966	=A965 + 1
A967	=A966 + 1
A968	=A967 + 1
A969	=A968 + 1
A970	=A969 + 1
A971	=A970 + 1
A972	=A971 + 1
A973	=A972 + 1
A974	=A973 + 1
A975	=A974 + 1
A976	=A975 + 1
A977	=A976 + 1
A978	=A977 + 1
A979	=A978 + 1
A980	=A979 + 1
A981	=A980 + 1
A982	=A981 + 1
A983	=A982 + 1
A984	=A983 + 1
A985	=A984 + 1
A986	=A985 + 1
A987	=A986 + 1
A988	=A987 + 1
A989	=A988 + 1
A990	=A989 + 1
A991	=A990 + 1
A992	=A991 + 1
A993	=A992 + 1
A994	=A993 + 1
A995	=A994 + 1
A996	=A995 + 1
A997	=A996 + 1
A998	=A997 + 1
A999	=A998 + 1
A1000	=A999 + 1
A1001	=A1000 + 1
A1002	=A1001 + 1
A1003	=A1002 + 1
A1004	=A1003 + 1
A1005	=A1004 + 1
A1006	=A1005 + 1
A1007	=A1006 + 1
A1008	=A1007 + 1
A1009	=A1008 + 1
A1010	=A1009 + 1
A1011	=A1010 + 1
A1012	=A1011 + 1
A1013	=A1012 + 1
A1014	=A1013 + 1
A1015	=A1014 + 1
A1016	=A1015 + 1
A1017	=A1016 + 1
A1018	=A1017 + 1
A1019	=A1018 + 1
A1020	=A1019 + 1
A1021	=A1020 + 1
A1022	=A1021 + 1
A1023	=A1022 + 1
A1024	=A1023 + 1
A1025	=A1024 + 1
A1026	=A1025 + 1
A1027	=A1026 + 1
A1028	=A1027 + 1
A1029	=A1028 + 1
A1030	=A1029 + 1
A1031	=A1030 + 1
A1032	=A1031 + 1
A1033	=A1032 + 1
A1034	=A1033 + 1
A1035	=A1034 + 1
A1036	=A1035 + 1
A1037	=A1036 + 1
A1038	=A1037 + 1
A1039	=A1038 + 1
A1040	=A1039 + 1
A1041	=A1040 + 1
A1042	=A1041 + 1
A1043	=A1042 + 1
A1044	=A1043 + 1
A1045	=A1044 + 1
A1046	=A1045 + 1
A1047	=A1046 + 1
A1048	=A1047 + 1
A1049	=A1048 + 1
A1050	=A1049 + 1
A1051	=A1050 + 1
A1052	=A1051 + 1
A1053	=A1052 + 1
A1054	=A1053 + 1
A1055	=A1054 + 1
A1056	=A1055 + 1
A1057	=A1056 + 1
A1058	=A1057 + 1
A1059	=A1058 + 1
A1060	=A1059 + 1
A1061	=A1060 + 1
A1062	=A1061 + 1
A1063	=A1062 + 1
A1064	=A1063 + 1
A1065	=A1064 + 1
A1066	=A1065 + 1
A1067	=A1066 + 1
A1068	=A1067 + 1
A1069	=A1068 + 1
A1070	=A1069 + 1
A1071	=A1070 + 1
A1072	=A1071 + 1
A1073	=A1072 + 1
A1074	=A1073 + 1
A1075	=A1074 + 1
A1076	=A1075 + 1
A1077	=A1076 + 1
A1078	=A1077 + 1
A1079	=A1078 + 1
A1080	=A1079 + 1
A1081	=A1080 + 1
A1082	=A1081 + 1
A1083	=A1082 + 1
A1084	=A1083 + 1
A1085	=A1084 + 1
A1086	=A1085 + 1
A1087	=A1086 + 1
A1088	=A1087 + 1
A1089	=A1088 + 1
A1090	=A1089 + 1
A1091	=A1090 + 1
A1092	=A1091 + 1
A1093	=A1092 + 1
A1094	=A1093 + 1
A1095	=A1094 + 1
A1096	=A1095 + 1
A1097	=A1096 + 1
A1098	=A1097 + 1
A1099	=A1098 + 1
A1100	=A1099 + 1
A1101	=A1100 + 1
A1102	=A1101 + 1
A1103	=A1102 + 1
A1104	=A1103 + 1
A1105	=A1104 + 1
A1106	=A1105 + 1
A1107	=A1106 + 1
A1108	=A1107 + 1
A1109	=A1108 + 1
A1110	=A1109 + 1
A1111	=A1110 + 1
A1112	=A1111 + 1
A1113	=A1112 + 1
A1114	=A1113 + 1
A1115	=A1114 + 1
A1116	=A1115 + 1
A1117	=A1116 + 1
A1118	=A1117 + 1
A1119	=A1118 + 1
A1120	=A1119 + 1
A1121	=A1120 + 1
A1122	=A1121 + 1
A1123	=A1122 + 1
A1124	=A1123 + 1
A1125	=A1124 + 1
A1126	=A1125 + 1
A1127	=A1126 + 1
A1128	=A1127 + 1
A1129	=A1128 + 1
A1130	=A1129 + 1
A1131	=A1130 + 1
A1132	=A1131 + 1
A1133	=A1132 + 1
A1134	=A1133 + 1
A1135	=A1134 + 1
A1136	=A1135 + 1
A1137	=A1136 + 1
A1138	=A1137 + 1
A1139	=A1138 + 1
A1140	=A1139 + 1
A1141	=A1140 + 1
A1142	=A1141 + 1
A1143	=A1142 + 1
A1144	=A1143 + 1
A1145	=A1144 + 1
A1146	=A1145 + 1
A1147	=A1146 + 1
A1148	=A1147 + 1
A1149	=A1148 + 1
A1150	=A1149 + 1
A1151	=A1150 + 1
A1152	=A1151 + 1
A1153	=A1152 + 1
A1154	=A1153 + 1
A1155	=A1154 + 1
A1156	=A1155 + 1
A1157	=A1156 + 1
A1158	=A1157 + 1
A1159	=A1158 + 1
A1160	=A1159 + 1
A1161	=A1160 + 1
A1162	=A1161 + 1
A1163	=A1162 + 1
A1164	=A1163 + 1
A1165	=A1164 + 1
A1166	=A1165 + 1
A1167	=A1166 + 1
A1168	=A1167 + 1
A1169	=A1168 + 1
A1170	=A1169 + 1
A1171	=A1170 + 1
A1172	=A1171 + 1
A1173	=A1172 + 1
A1174	=A1173 + 1
A1175	=A1174 + 1
A1176	=A1175 + 1
A1177	=A1176 + 1
A1178	=A1177 + 1
A1179	=A1178 + 1
A1180	=A1179 + 1
A1181	=A1180 + 1
A1182	=A1181 + 1
A1183	=A1182 + 1
A1184	=A1183 + 1
A1185	=A1184 + 1
A1186	=A1185 + 1
A1187	=A1186 + 1
A1188	=A1187 + 1
A1189	=A1188 + 1
A1190	=A1189 + 1
A1191	=A1190 + 1
A1192	=A1191 + 1
A1193	=A1192 + 1
A1194	=A1193 + 1
A1195	=A1194 + 1
A1196	=A1195 + 1
A1197	=A1196 + 1
A1198	=A1197 + 1
A1199	=A1198 + 1
A1200	=A1199 + 1
A1201	=A1200 + 1
A1202	=A1201 + 1
A1203	=A1202 + 1
A1204	=A1203 + 1
A1205	=A1204 + 1
A1206	=A1205 + 1
A1207	=A1206 + 1
A1208	=A1207 + 1
A1209	=A1208 + 1
A1210	=A1209 + 1
A1211	=A1210 + 1
A1212	=A1211 + 1
A1213	=A1212 + 1
A1214	=A1213 + 1
A1215	=A1214 + 1
A1216	=A1215 + 1
A1217	=A1216 + 1
A1218	=A1217 + 1
A1219	=A1218 + 1
A1220	=A1219 + 1
A1221	=A1220 + 1
A1222	=A1221 + 1
A1223	=A1222 + 1
A1224	=A1223 + 1
A1225	=A1224 + 1
A1226	=A1225 + 1
A1227	=A1226 + 1
A1228	=A1227 + 1
A1229	=A1228 + 1
A1230	=A1229 + 1
A1231	=A1230 + 1
A1232	=A1231 + 1
A1233	=A1232 + 1
A1234	=A1233 + 1
A1235	=A1234 + 1
A1236	=A1235 + 1
A1237	=A1236 + 1
A1238	=A1237 + 1
A1239	=A1238 + 1
A1240	=A1239 + 1
A1241	=A1240 + 1
A1242	=A1241 + 1
A1243	=A1242 + 1
A1244	=A1243 + 1
A1245	=A1244 + 1
A1246	=A1245 + 1
A1247	=A1246 + 1
A1248	=A1247 + 1
A1249	=A1248 + 1
A1250	=A1249 + 1
A1251	=A1250 + 1
A1252	=A1251 + 1
A1253	=A1252 + 1
A1254	=A1253 + 1
A1255	=A1254 + 1
A1256	=A1255 + 1
A1257	=A1256 + 1
A1258	=A1257 + 1
A1259	=A1258 + 1
A1260	=A1259 + 1
A1261	=A1260 + 1
A1262	=A1261 + 1
A1263	=A1262 + 1
A1264	=A1263 + 1
A1265	=A1264 + 1
A1266	=A1265 + 1
A1267	=A1266 + 1
A1268	=A1267 + 1
A1269	=A1268 + 1
A1270	=A1269 + 1
A1271	=A1270 + 1
A1272	=A1271 + 1
A1273	=A1272 + 1
A1274	=A1273 + 1
A1275	=A1274 + 1
A1276	=A1275 + 1
A1277	=A1276 + 1
A1278	=A1277 + 1
A1279	=A1278 + 1
A1280	=A1279 + 1
A1281	=A1280 + 1
A1282	=A1281 + 1
A1283	=A1282 + 1
A1284	=A1283 + 1
A1285	=A1284 + 1
A1286	=A1285 + 1
A1287	=A1286 + 1
A1288	=A1287 + 1
A1289	=A1288 + 1
A1290	=A1289 + 1
A1291	=A1290 + 1
A1292	=A1291 + 1
A1293	=A1292 + 1
A1294	=A1293 + 1
A1295	=A1294 + 1
A1296	=A1295 + 1
A1297	=A1296 + 1
A1298	=A1297 + 1
A1299	=A1298 + 1
A1300	=A1299 + 1
A1301	=A1300 + 1
A1302	=A1301 + 1
A1303	=A1302 + 1
A1304	=A1303 + 1
A1305	=A1304 + 1
A1306	=A1305 + 1
A1307	=A1306 + 1
A1308	=A1307 + 1
A1309	=A1308 + 1
A1310	=A1309 + 1
A1311	=A1310 + 1
A1312	=A1311 + 1
A1313	=A1312 + 1
A1314	=A1313 + 1
A1315	=A1314 + 1
A1316	=A1315 + 1
A1317	=A1316 + 1
A1318	=A1317 + 1
A1319	=A1318 + 1
A1320	=A1319 + 1
A1321	=A1320 + 1
A1322	=A1321 + 1
A1323	=A1322 + 1
A1324	=A1323 + 1
A1325	=A1324 + 1
A1326	=A1325 + 1
A1327	=A1326 + 1
A1328	=A1327 + 1
A1329	=A1328 + 1
A1330	=A1329 + 1
A1331	=A1330 + 1
A1332	=A1331 + 1
A1333	=A1332 + 1
A1334	=A1333 + 1
A1335	=A1334 + 1
A1336	=A1335 + 1
A1337	=A1336 + 1
A1338	=A1337 + 1
A1339	=A1338 + 1
A1340	=A1339 + 1
A1341	=A1340 + 1
A1342	=A1341 + 1
A1343	=A1342 + 1
A1344	=A1343 + 1
A1345	=A1344 + 1
A1346	=A1345 + 1
A1347	=A1346 + 1
A1348	=A1347 + 1
A1349	=A1348 + 1
A1350	=A1349 + 1
A1351	=A1350 + 1
A1352	=A1351 + 1
A1353	=A1352 + 1
A1354	=A1353 + 1
A1355	=A1354 + 1
A1356	=A1355 + 1
A1357	=A1356 + 1
A1358	=A1357 + 1
A1359	=A1358 + 1
A1360	=A1359 + 1
A1361	=A1360 + 1
A1362	=A1361 + 1
A1363	=A1362 + 1
A1364	=A1363 + 1
A1365	=A1364 + 1
A1366	=A1365 + 1
A1367	=A1366 + 1
A1368	=A1367 + 1
A1369	=A1368 + 1
A1370	=A1369 + 1
A1371	=A1370 + 1
A1372	=A1371 + 1
A1373	=A1372 + 1
A1374	=A1373 + 1
A1375	=A1374 + 1
A1376	=A1375 + 1
A1377	=A1376 + 1
A1378	=A1377 + 1
A1379	=A1378 + 1
A1380	=A1379 + 1
A1381	=A1380 + 1
A1382	=A1381 + 1
A1383	=A1382 + 1
A1384	=A1383 + 1
A1385	=A1384 + 1
A1386	=A1385 + 1
A1387	=A1386 + 1
A1388	=A1387 + 1
A1389	=A1388 + 1
A1390	=A1389 + 1
A1391	=A1390 + 1
A1392	=A1391 + 1
A1393	=A1392 + 1
A1394	=A1393 + 1
A1395	=A1394 + 1
A1396	=A1395 + 1
A1397	=A1396 + 1
A1398	=A1397 + 1
A1399	=A1398 + 1
A1400	=A1399 + 1
A1401	=A1400 + 1
A1402	=A1401 + 1
A1403	=A1402 + 1
A1404	=A1403 + 1
A1405	=A1404 + 1
A1406	=A1405 + 1
A1407	=A1406 + 1
A1408	=A1407 + 1
A1409	=A1408 + 1
A1410	=A1409 + 1
A1411	=A1410 + 1
A1412	=A1411 + 1
A1413	=A1412 + 1
A1414	=A1413 + 1
A1415	=A1414 + 1
A1416	=A1415 + 1
A1417	=A1416 + 1
A1418	=A1417 + 1
A1419	=A1418 + 1
A1420	=A1419 + 1
A1421	=A1420 + 1
A1422	=A1421 + 1
A1423	=A1422 + 1
A1424	=A1423 + 1
A1425	=A1424 + 1
A1426	=A1425 + 1
A1427	=A1426 + 1
A1428	=A1427 + 1
A1429	=A1428 + 1
A1430	=A1429 + 1
A1431	=A1430 + 1
A1432	=A1431 + 1
A1433	=A1432 + 1
A1434	=A1433 + 1
A1435	=A1434 + 1
A1436	=A1435 + 1
A1437	=A1436 + 1
A1438	=A1437 + 1
A1439	=A1438 + 1
A1440	=A1439 + 1
A1441	=A1440 + 1
A1442	=A1441 + 1
A1443	=A1442 + 1
A1444	=A1443 + 1
A1445	=A1444 + 1
A1446	=A1445 + 1
A1447	=A1446 + 1
A1448	=A1447 + 1
A1449	=A1448 + 1
A1450	=A1449 + 1
A1451	=A1450 + 1
A1452	=A1451 + 1
A1453	=A1452 + 1
A1454	=A1453 + 1
A1455	=A1454 + 1
A1456	=A1455 + 1
A1457	=A1456 + 1
A1458	=A1457 + 1
A1459	=A1458 + 1
A1460	=A1459 + 1
A1461	=A1460 + 1
A1462	=A1461 + 1
A1463	=A1462 + 1
A1464	=A1463 + 1
A1465	=A1464 + 1
A1466	=A1465 + 1
A1467	=A1466 + 1
A1468	=A1467 + 1
A1469	=A1468 + 1
A1470	=A1469 + 1
A1471	=A1470 + 1
A1472	=A1471 + 1
A1473	=A1472 + 1
A1474	=A1473 + 1
A1475	=A1474 + 1
A1476	=A1475 + 1
A1477	=A1476 + 1
A1478	=A1477 + 1
A1479	=A1478 + 1
A1480	=A1479 + 1
A1481	=A1480 + 1
A1482	=A1481 + 1
A1483	=A1482 + 1
A1484	=A1483 + 1
A1485	=A1484 + 1
A1486	=A1485 + 1
A1487	=A1486 + 1
A1488	=A1487 + 1
A1489	=A1488 + 1
A1490	=A1489 + 1
A1491	=A1490 + 1
A1492	=A1491 + 1
A1493	=A1492 + 1
A1494	=A1493 + 1
A1495	=A1494 + 1
A1496	=A1495 + 1
A1497	=A1496 + 1
A1498	=A1497 + 1
A1499	=A1498 + 1
A1500	=A1499 + 1
A1501	=A1500 + 1
A1502	=A1501 + 1
A1503	=A1502 + 1
A1504	=A1503 + 1
A1505	=A1504 + 1
A1506	=A1505 + 1
A1507	=A1506 + 1
A1508	=A1507 + 1
A1509	=A1508 + 1
A1510	=A1509 + 1
A1511	=A1510 + 1
A1512	=A1511 + 1
A1513	=A1512 + 1
A1514	=A1513 + 1
A1515	=A1514 + 1
A1516	=A1515 + 1
A1517	=A1516 + 1
A1518	=A1517 + 1
A1519	=A1518 + 1
A1520	=A1519 + 1
A1521	=A1520 + 1
A1522	=A1521 + 1
A1523	=A1522 + 1
A1524	=A1523 + 1
A1525	=A1524 + 1
A1526	=A1525 + 1
A1527	=A1526 + 1
A1528	=A1527 + 1
A1529	=A1528 + 1
A1530	=A1529 + 1
A1531	=A1530 + 1
A1532	=A1531 + 1
A1533	=A1532 + 1
A1534	=A1533 + 1
A1535	=A1534 + 1
A1536	=A1535 + 1
A1537	=A1536 + 1
A1538	=A1537 + 1
A1539	=A1538 + 1
A1540	=A1539 + 1
A1541	=A1540 + 1
A1542	=A1541 + 1
A1543	=A1542 + 1
A1544	=A1543 + 1
A1545	=A1544 + 1
A1546	=A1545 + 1
A1547	=A1546 + 1
A1548	=A1547 + 1
A1549	=A1548 + 1
A1550	=A1549 + 1
A1551	=A1550 + 1
A1552	=A1551 + 1
A1553	=A1552 + 1
A1554	=A1553 + 1
A1555	=A1554 + 1
A1556	=A1555 + 1
A1557	=A1556 + 1
A1558	=A1557 + 1
A1559	=A1558 + 1
A1560	=A1559 + 1
A1561	=A1560 + 1
A1562	=A1561 + 1
A1563	=A1562 + 1
A1564	=A1563 + 1
A1565	=A1564 + 1
A1566	=A1565 + 1
A1567	=A1566 + 1
A1568	=A1567 + 1
A1569	=A1568 + 1
A1570	=A1569 + 1
A1571	=A1570 + 1
A1572	=A1571 + 1
A1573	=A1572 + 1
A1574	=A1573 + 1
A1575	=A1574 + 1
A1576	=A1575 + 1
A1577	=A1576 + 1
A1578	=A1577 + 1
A1579	=A1578 + 1
A1580	=A1579 + 1
A1581	=A1580 + 1
A1582	=A1581 + 1
A1583	=A1582 + 1
A1584	=A1583 + 1
A1585	=A1584 + 1
A1586	=A1585 + 1
A1587	=A1586 + 1
A1588	=A1587 + 1
A1589	=A1588 + 1
A1590	=A1589 + 1
A1591	=A1590 + 1
A1592	=A1591 + 1
A1593	=A1592 + 1
A1594	=A1593 + 1
A1595	=A1594 + 1
A1596	=A1595 + 1
A1597	=A1596 + 1
A1598	=A1597 + 1
A1599	=A1598 + 1
A1600	=A1599 + 1
A1601	=A1600 + 1
A1602	=A1601 + 1
A1603	=A1602 + 1
A1604	=A1603 + 1
A1605	=A1604 + 1
A1606	=A1605 + 1
A1607	=A1606 + 1
A1608	=A1607 + 1
A1609	=A1608 + 1
A1610	=A1609 + 1
A1611	=A1610 + 1
A1612	=A1611 + 1
A1613	=A1612 + 1
A1614	=A1613 + 1
A1615	=A1614 + 1
A1616	=A1615 + 1
A1617	=A1616 + 1
A1618	=A1617 + 1
A1619	=A1618 + 1
A1620	=A1619 + 1
A1621	=A1620 + 1
A1622	=A1621 + 1
A1623	=A1622 + 1
A1624	=A1623 + 1
A1625	=A1624 + 1
A1626	=A1625 + 1
A1627	=A1626 + 1
A1628	=A1627 + 1
A1629	=A1628 + 1
A1630	=A1629 + 1
A1631	=A1630 + 1
A1632	=A1631 + 1
A1633	=A1632 + 1
A1634	=A1633 + 1
A1635	=A1634 + 1
A1636	=A1635 + 1
A1637	=A1636 + 1
A1638	=A1637 + 1
A1639	=A1638 + 1
A1640	=A1639 + 1
A1641	=A1640 + 1
A1642	=A1641 + 1
A1643	=A1642 + 1
A1644	=A1643 + 1
A1645	=A1644 + 1
A1646	=A1645 + 1
A1647	=A1646 + 1
A1648	=A1647 + 1
A1649	=A1648 + 1
A1650	=A1649 + 1
A1651	=A1650 + 1
A1652	=A1651 + 1
A1653	=A1652 + 1
A1654	=A1653 + 1
A1655	=A1654 + 1
A1656	=A1655 + 1
A1657	=A1656 + 1
A1658	=A1657 + 1
A1659	=A1658 + 1
A1660	=A1659 + 1
A1661	=A1660 + 1
A1662	=A1661 + 1
A1663	=A1662 + 1
A1664	=A1663 + 1
A1665	=A1664 + 1
A1666	=A1665 + 1
A1667	=A1666 + 1
A1668	=A1667 + 1
A1669	=A1668 + 1
A1670	=A1669 + 1
A1671	=A1670 + 1
A1672	=A1671 + 1
A1673	=A1672 + 1
A1674	=A1673 + 1
A1675	=A1674 + 1
A1676	=A1675 + 1
A1677	=A1676 + 1
A1678	=A1677 + 1
A1679	=A1678 + 1
A1680	=A1679 + 1
A1681	=A1680 + 1
A1682	=A1681 + 1
A1683	=A1682 + 1
A1684	=A1683 + 1
A1685	=A1684 + 1
A1686	=A1685 + 1
A1687	=A1686 + 1
A1688	=A1687 + 1
A1689	=A1688 + 1
A1690	=A1689 + 1
A1691	=A1690 + 1
A1692	=A1691 + 1
A1693	=A1692 + 1
A1694	=A1693 + 1
A1695	=A1694 + 1
A1696	=A1695 + 1
A1697	=A1696 + 1
A1698	=A1697 + 1
A1699	=A1698 + 1
A1700	=A1699 + 1
A1701	=A1700 + 1
A1702	=A1701 + 1
A1703	=A1702 + 1
A1704	=A1703 + 1
A1705	=A1704 + 1
A1706	=A1705 + 1
A1707	=A1706 + 1
A1708	=A1707 + 1
A1709	=A1708 + 1
A1710	=A1709 + 1
A1711	=A1710 + 1
A1712	=A1711 + 1
A1713	=A1712 + 1
A1714	=A1713 + 1
A1715	=A1714 + 1
A1716	=A1715 + 1
A1717	=A1716 + 1
A1718	=A1717 + 1
A1719	=A1718 + 1
A1720	=A1719 + 1
A1721	=A1720 + 1
A1722	=A1721 + 1
A1723	=A1722 + 1
A1724	=A1723 + 1
A1725	=A1724 + 1
A1726	=A1725 + 1
A1727	=A1726 + 1
A1728	=A1727 + 1
A1729	=A1728 + 1
A1730	=A1729 + 1
A1731	=A1730 + 1
A1732	=A1731 + 1
A1733	=A1732 + 1
A1734	=A1733 + 1
A1735	=A1734 + 1
A1736	=A1735 + 1
A1737	=A1736 + 1
A1738	=A1737 + 1
A1739	=A1738 + 1
A1740	=A1739 + 1
A1741	=A1740 + 1
A1742	=A1741 + 1
A1743	=A1742 + 1
A1744	=A1743 + 1
A1745	=A1744 + 1
A1746	=A1745 + 1
A1747	=A1746 + 1
A1748	=A1747 + 1
A1749	=A1748 + 1
A1750	=A1749 + 1
A1751	=A1750 + 1
A1752	=A1751 + 1
A1753	=A1752 + 1
A1754	=A1753 + 1
A1755	=A1754 + 1
A1756	=A1755 + 1
A1757	=A1756 + 1
A1758	=A1757 + 1
A1759	=A1758 + 1
A1760	=A1759 + 1
A1761	=A1760 + 1
A1762	=A1761 + 1
A1763	=A1762 + 1
A1764	=A1763 + 1
A1765	=A1764 + 1
A1766	=A1765 + 1
A1767	=A1766 + 1
A1768	=A1767 + 1
A1769	=A1768 + 1
A1770	=A1769 + 1
A1771	=A1770 + 1
A1772	=A1771 + 1
A1773	=A1772 + 1
A1774	=A1773 + 1
A1775	=A1774 + 1
A1776	=A1775 + 1
A1777	=A1776 + 1
A1778	=A1777 + 1
A1779	=A1778 + 1
A1780	=A1779 + 1
A1781	=A1780 + 1
A1782	=A1781 + 1
A1783	=A1782 + 1
A1784	=A1783 + 1
A1785	=A1784 + 1
A1786	=A1785 + 1
A1787	=A1786 + 1
A1788	=A1787 + 1
A1789	=A1788 + 1
A1790	=A1789 + 1
A1791	=A1790 + 1
A1792	=A1791 + 1
A1793	=A1792 + 1
A1794	=A1793 + 1
A1795	=A1794 + 1
A1796	=A1795 + 1
A1797	=A1796 + 1
A1798	=A1797 + 1
A1799	=A1798 + 1
A1800	=A1799 + 1
A1801	=A1800 + 1
A1802	=A1801 + 1
A1803	=A1802 + 1
A1804	=A1803 + 1
A1805	=A1804 + 1
A1806	=A1805 + 1
A1807	=A1806 + 1
A1808	=A1807 + 1
A1809	=A1808 + 1
A1810	=A1809 + 1
A1811	=A1810 + 1
A1812	=A1811 + 1
A1813	=A1812 + 1
A1814	=A1813 + 1
A1815	=A1814 + 1
A1816	=A1815 + 1
A1817	=A1816 + 1
A1818	=A1817 + 1
A1819	=A1818 + 1
A1820	=A1819 + 1
A1821	=A1820 + 1
A1822	=A1821 + 1
A1823	=A1822 + 1
A1824	=A1823 + 1
A1825	=A1824 + 1
A1826	=A1825 + 1
A1827	=A1826 + 1
A1828	=A1827 + 1
A1829	=A1828 + 1
A1830	=A1829 + 1
A1831	=A1830 + 1
A1832	=A1831 + 1
A1833	=A1832 + 1
A1834	=A1833 + 1
A1835	=A1834 + 1
A1836	=A1835 + 1
A1837	=A1836 + 1
A1838	=A1837 + 1
A1839	=A1838 + 1
A1840	=A1839 + 1
A1841	=A1840 + 1
A1842	=A1841 + 1
A1843	=A1842 + 1
A1844	=A1843 + 1
A1845	=A1844 + 1
A1846	=A1845 + 1
A1847	=A1846 + 1
A1848	=A1847 + 1
A1849	=A1848 + 1
A1850	=A1849 + 1
A1851	=A1850 + 1
A1852	=A1851 + 1
A1853	=A1852 + 1
A1854	=A1853 + 1
A1855	=A1854 + 1
A1856	=A1855 + 1
A1857	=A1856 + 1
A1858	=A1857 + 1
A1859	=A1858 + 1
A1860	=A1859 + 1
A1861	=A1860 + 1
A1862	=A1861 + 1
A1863	=A1862 + 1
A1864	=A1863 + 1
A1865	=A1864 + 1
A1866	=A1865 + 1
A1867	=A1866 + 1
A1868	=A1867 + 1
A1869	=A1868 + 1
A1870	=A1869 + 1
A1871	=A1870 + 1
A1872	=A1871 + 1
A1873	=A1872 + 1
A1874	=A1873 + 1
A1875	=A1874 + 1
A1876	=A1875 + 1
A1877	=A1876 + 1
A1878	=A1877 + 1
A1879	=A1878 + 1
A1880	=A1879 + 1
A1881	=A1880 + 1
A1882	=A1881 + 1
A1883	=A1882 + 1
A1884	=A1883 + 1
A1885	=A1884 + 1
A1886	=A1885 + 1
A1887	=A1886 + 1
A1888	=A1887 + 1
A1889	=A1888 + 1
A1890	=A1889 + 1
A1891	=A1890 + 1
A1892	=A1891 + 1
A1893	=A1892 + 1
A1894	=A1893 + 1
A1895	=A1894 + 1
A1896	=A1895 + 1
A1897	=A1896 + 1
A1898	=A1897 + 1
A1899	=A1898 + 1
A1900	=A1899 + 1
A1901	=A1900 + 1
A1902	=A1901 + 1
A1903	=A1902 + 1
A1904	=A1903 + 1
A1905	=A1904 + 1
A1906	=A1905 + 1
A1907	=A1906 + 1
A1908	=A1907 + 1
A1909	=A1908 + 1
A1910	=A1909 + 1
A1911	=A1910 + 1
A1912	=A1911 + 1
A1913	=A1912 + 1
A1914	=A1913 + 1
A1915	=A1914 + 1
A1916	=A1915 + 1
A1917	=A1916 + 1
A1918	=A1917 + 1
A1919	=A1918 + 1
A1920	=A1919 + 1
A1921	=A1920 + 1
A1922	=A1921 + 1
A1923	=A1922 + 1
A1924	=A1923 + 1
A1925	=A1924 + 1
A1926	=A1925 + 1
A1927	=A1926 + 1
A1928	=A1927 + 1
A1929	=A1928 + 1
A1930	=A1929 + 1
A1931	=A1930 + 1
A1932	=A1931 + 1
A1933	=A1932 + 1
A1934	=A1933 + 1
A1935	=A1934 + 1
A1936	=A1935 + 1
A1937	=A1936 + 1
A1938	=A1937 + 1
A1939	=A1938 + 1
A1940	=A1939 + 1
A1941	=A1940 + 1
A1942	=A1941 + 1
A1943	=A1942 + 1
A1944	=A1943 + 1
A1945	=A1944 + 1
A1946	=A1945 + 1
A1947	=A1946 + 1
A1948	=A1947 + 1
A1949	=A1948 + 1
A1950	=A1949 + 1
A1951	=A1950 + 1
A1952	=A1951 + 1
A1953	=A1952 + 1
A1954	=A1953 + 1
A1955	=A1954 + 1
A1956	=A1955 + 1
A1957	=A1956 + 1
A1958	=A1957 + 1
A1959	=A1958 + 1
A1960	=A1959 + 1
A1961	=A1960 + 1
A1962	=A1961 + 1
A1963	=A1962 + 1
A1964	=A1963 + 1
A1965	=A1964 + 1
A1966	=A1965 + 1
A1967	=A1966 + 1
A1968	=A1967 + 1
A1969	=A1968 + 1
A1970	=A1969 + 1
A1971	=A1970 + 1
A1972	=A1971 + 1
A1973	=A1972 + 1
A1974	=A1973 + 1
A1975	=A1974 + 1
A1976	=A1975 + 1
A1977	=A1976 + 1
A1978	=A1977 + 1
A1979	=A1978 + 1
A1980	=A1979 + 1
A1981	=A1980 + 1
A1982	=A1981 + 1
A1983	=A1982 + 1
A1984	=A1983 + 1
A1985	=A1984 + 1
A1986	=A1985 + 1
A1987	=A1986 + 1
A1988	=A1987 + 1
A1989	=A1988 + 1
A1990	=A1989 + 1
A1991	=A1990 + 1
A1992	=A1991 + 1
A1993	=A1992 + 1
A1994	=A1993 + 1
A1995	=A1994 + 1
A1996	=A1995 + 1
A1997	=A1996 + 1
A1998	=A1997 + 1
A1999	=A1998 + 1
A2000	=A1999 + 1
A2001	=A2000 + 1
A2002	=A2001 + 1
A2003	=A2002 + 1
A2004	=A2003 + 1
A2005	=A2004 + 1
A2006	=A2005 + 1
A2007	=A2006 + 1
A2008	=A2007 + 1
A2009	=A2008 + 1
A2010	=A2009 + 1
A2011	=A2010 + 1
A2012	=A2011 + 1
A2013	=A2012 + 1
A2014	=A2013 + 1
A2015	=A2014 + 1
A2016	=A2015 + 1
A2017	=A2016 + 1
A2018	=A2017 + 1
A2019	=A2018 + 1
A2020	=A2019 + 1
A2021	=A2020 + 1
A2022	=A2021 + 1
A2023	=A2022 + 1
A2024	=A2023 + 1
A2025	=A2024 + 1
A2026	=A2025 + 1
A2027	=A2026 + 1
A2028	=A2027 + 1
A2029	=A2028 + 1
A2030	=A2029 + 1
A2031	=A2030 + 1
A2032	=A2031 + 1
A2033	=A2032 + 1
A2034	=A2033 + 1
A2035	=A2034 + 1
A2036	=A2035 + 1
A2037	=A2036 + 1
A2038	=A2037 + 1
A2039	=A2038 + 1
A2040	=A2039 + 1
A2041	=A2040 + 1
A2042	=A2041 + 1
A2043	=A2042 + 1
A2044	=A2043 + 1
A2045	=A2044 + 1
A2046	=A2045 + 1
A2047	=A2046 + 1
A2048	=A2047 + 1
A2049	=A2048 + 1
A2050	=A2049 + 1
A2051	=A2050 + 1
A2052	=A2051 + 1
A2053	=A2052 + 1
A2054	=A2053 + 1
A2055	=A2054 + 1
A2056	=A2055 + 1
A2057	=A2056 + 1
A2058	=A2057 + 1
A2059	=A2058 + 1
A2060	=A2059 + 1
A2061	=A2060 + 1
A2062	=A2061 + 1
A2063	=A2062 + 1
A2064	=A2063 + 1
A2065	=A2064 + 1
A2066	=A2065 + 1
A2067	=A2066 + 1
A2068	=A2067 + 1
A2069	=A2068 + 1
A2070	=A2069 + 1
A2071	=A2070 + 1
A2072	=A2071 + 1
A2073	=A2072 + 1
A2074	=A2073 + 1
A2075	=A2074 + 1
A2076	=A2075 + 1
A2077	=A2076 + 1
A2078	=A2077 + 1
A2079	=A2078 + 1
A2080	=A2079 + 1
A2081	=A2080 + 1
A2082	=A2081 + 1
A2083	=A2082 + 1
A2084	=A2083 + 1
A2085	=A2084 + 1
A2086	=A2085 + 1
A2087	=A2086 + 1
A2088	=A2087 + 1
A2089	=A2088 + 1
A2090	=A2089 + 1
A2091	=A2090 + 1
A2092	=A2091 + 1
A2093	=A2092 + 1
A2094	=A2093 + 1
A2095	=A2094 + 1
A2096	=A2095 + 1
A2097	=A2096 + 1
A2098	=A2097 + 1
A2099	=A2098 + 1
A2100	=A2099 + 1
A2101	=A2100 + 1
A2102	=A2101 + 1
A2103	=A2102 + 1
A2104	=A2103 + 1
A2105	=A2104 + 1
A2106	=A2105 + 1
A2107	=A2106 + 1
A2108	=A2107 + 1
A2109	=A2108 + 1
A2110	=A2109 + 1
A2111	=A2110 + 1
A2112	=A2111 + 1
A2113	=A2112 + 1
A2114	=A2113 + 1
A2115	=A2114 + 1
A2116	=A2115 + 1
A2117	=A2116 + 1
A2118	=A2117 + 1
A2119	=A2118 + 1
A2120	=A2119 + 1
A2121	=A2120 + 1
A2122	=A2121 + 1
A2123	=A2122 + 1
A2124	=A2123 + 1
A2125	=A2124 + 1
A2126	=A2125 + 1
A2127	=A2126 + 1
A2128	=A2127 + 1
A2129	=A2128 + 1
A2130	=A2129 + 1
A2131	=A2130 + 1
A2132	=A2131 + 1
A2133	=A2132 + 1
A2134	=A2133 + 1
A2135	=A2134 + 1
A2136	=A2135 + 1
A2137	=A2136 + 1
A2138	=A2137 + 1
A2139	=A2138 + 1
A2140	=A2139 + 1
A2141	=A2140 + 1
A2142	=A2141 + 1
A2143	=A2142 + 1
A2144	=A2143 + 1
A2145	=A2144 + 1
A2146	=A2145 + 1
A2147	=A2146 + 1
A2148	=A2147 + 1
A2149	=A2148 + 1
A2150	=A2149 + 1
A2151	=A2150 + 1
A2152	=A2151 + 1
A2153	=A2152 + 1
A2154	=A2153 + 1
A2155	=A2154 + 1
A2156	=A2155 + 1
A2157	=A2156 + 1
A2158	=A2157 + 1
A2159	=A2158 + 1
A2160	=A2159 + 1
A2161	=A2160 + 1
A2162	=A2161 + 1
A2163	=A2162 + 1
A2164	=A2163 + 1
A2165	=A2164 + 1
A2166	=A2165 + 1
A2167	=A2166 + 1
A2168	=A2167 + 1
A2169	=A2168 + 1
A2170	=A2169 + 1
A2171	=A2170 + 1
A2172	=A2171 + 1
A2173	=A2172 + 1
A2174	=A2173 + 1
A2175	=A2174 + 1
A2176	=A2175 + 1
A2177	=A2176 + 1
A2178	=A2177 + 1
A2179	=A2178 + 1
A2180	=A2179 + 1
A2181	=A2180 + 1
A2182	=A2181 + 1
A2183	=A2182 + 1
A2184	=A2183 + 1
A2185	=A2184 + 1
A2186	=A2185 + 1
A2187	=A2186 + 1
A2188	=A2187 + 1
A2189	=A2188 + 1
A2190	=A2189 + 1
A2191	=A2190 + 1
A2192	=A2191 + 1
A2193	=A2192 + 1
A2194	=A2193 + 1
A2195	=A2194 + 1
A2196	=A2195 + 1
A2197	=A2196 + 1
A2198	=A2197 + 1
A2199	=A2198 + 1
A2200	=A2199 + 1
A2201	=A2200 + 1
A2202	=A2201 + 1
A2203	=A2202 + 1
A2204	=A2203 + 1
A2205	=A2204 + 1
A2206	=A2205 + 1
A2207	=A2206 + 1
A2208	=A2207 + 1
A2209	=A2208 + 1
A2210	=A2209 + 1
A2211	=A2210 + 1
A2212	=A2211 + 1
A2213	=A2212 + 1
A2214	=A2213 + 1
A2215	=A2214 + 1
A2216	=A2215 + 1
A2217	=A2216 + 1
A2218	=A2217 + 1
A2219	=A2218 + 1
A2220	=A2219 + 1
A2221	=A2220 + 1
A2222	=A2221 + 1
A2223	=A2222 + 1
A2224	=A2223 + 1
A2225	=A2224 + 1
A2226	=A2225 + 1
A2227	=A2226 + 1
A2228	=A2227 + 1
A2229	=A2228 + 1
A2230	=A2229 + 1
A2231	=A2230 + 1
A2232	=A2231 + 1
A2233	=A2232 + 1
A2234	=A2233 + 1
A2235	=A2234 + 1
A2236	=A2235 + 1
A2237	=A2236 + 1
A2238	=A2237 + 1
A2239	=A2238 + 1
A2240	=A2239 + 1
A2241	=A2240 + 1
A2242	=A2241 + 1
A2243	=A2242 + 1
A2244	=A2243 + 1
A2245	=A2244 + 1
A2246	=A2245 + 1
A2247	=A2246 + 1
A2248	=A2247 + 1
A2249	=A2248 + 1
A2250	=A2249 + 1
A2251	=A2250 + 1
A2252	=A2251 + 1
A2253	=A2252 + 1
A2254	=A2253 + 1
A2255	=A2254 + 1
A2256	=A2255 + 1
A2257	=A2256 + 1
A2258	=A2257 + 1
A2259	=A2258 + 1
A2260	=A2259 + 1
A2261	=A2260 + 1
A2262	=A2261 + 1
A2263	=A2262 + 1
A2264	=A2263 + 1
A2265	=A2264 + 1
A2266	=A2265 + 1
A2267	=A2266 + 1
A2268	=A2267 + 1
A2269	=A2268 + 1
A2270	=A2269 + 1
A2271	=A2270 + 1
A2272	=A2271 + 1
A2273	=A2272 + 1
A2274	=A2273 + 1
A2275	=A2274 + 1
A2276	=A2275 + 1
A2277	=A2276 + 1
A2278	=A2277 + 1
A2279	=A2278 + 1
A2280	=A2279 + 1
A2281	=A2280 + 1
A2282	=A2281 + 1
A2283	=A2282 + 1
A2284	=A2283 + 1
A2285	=A2284 + 1
A2286	=A2285 + 1
A2287	=A2286 + 1
A2288	=A2287 + 1
A2289	=A2288 + 1
A2290	=A2289 + 1
A2291	=A2290 + 1
A2292	=A2291 + 1
A2293	=A2292 + 1
A2294	=A2293 + 1
A2295	=A2294 + 1
A2296	=A2295 + 1
A2297	=A2296 + 1
A2298	=A2297 + 1
A2299	=A2298 + 1
A2300	=A2299 + 1
A2301	=A2300 + 1
A2302	=A2301 + 1
A2303	=A2302 + 1
A2304	=A2303 + 1
A2305	=A2304 + 1
A2306	=A2305 + 1
A2307	=A2306 + 1
A2308	=A2307 + 1
A2309	=A2308 + 1
A2310	=A2309 + 1
A2311	=A2310 + 1
A2312	=A2311 + 1
A2313	=A2312 + 1
A2314	=A2313 + 1
A2315	=A2314 + 1
A2316	=A2315 + 1
A2317	=A2316 + 1
A2318	=A2317 + 1
A2319	=A2318 + 1
A2320	=A2319 + 1
A2321	=A2320 + 1
A2322	=A2321 + 1
A2323	=A2322 + 1
A2324	=A2323 + 1
A2325	=A2324 + 1
A2326	=A2325 + 1
A2327	=A2326 + 1
A2328	=A2327 + 1
A2329	=A2328 + 1
A2330	=A2329 + 1
A2331	=A2330 + 1
A2332	=A2331 + 1
A2333	=A2332 + 1
A2334	=A2333 + 1
A2335	=A2334 + 1
A2336	=A2335 + 1
A2337	=A2336 + 1
A2338	=A2337 + 1
A2339	=A2338 + 1
A2340	=A2339 + 1
A2341	=A2340 + 1
A2342	=A2341 + 1
A2343	=A2342 + 1
A2344	=A2343 + 1
A2345	=A2344 + 1
A2346	=A2345 + 1
A2347	=A2346 + 1
A2348	=A2347 + 1
A2349	=A2348 + 1
A2350	=A2349 + 1
A2351	=A2350 + 1
A2352	=A2351 + 1
A2353	=A2352 + 1
A2354	=A2353 + 1
A2355	=A2354 + 1
A2356	=A2355 + 1
A2357	=A2356 + 1
A2358	=A2357 + 1
A2359	=A2358 + 1
A2360	=A2359 + 1
A2361	=A2360 + 1
A2362	=A2361 + 1
A2363	=A2362 + 1
A2364	=A2363 + 1
A2365	=A2364 + 1
A2366	=A2365 + 1
A2367	=A2366 + 1
A2368	=A2367 + 1
A2369	=A2368 + 1
A2370	=A2369 + 1
A2371	=A2370 + 1
A2372	=A2371 + 1
A2373	=A2372 + 1
A2374	=A2373 + 1
A2375	=A2374 + 1
A2376	=A2375 + 1
A2377	=A2376 + 1
A2378	=A2377 + 1
A2379	=A2378 + 1
A2380	=A2379 + 1
A2381	=A2380 + 1
A2382	=A2381 + 1
A2383	=A2382 + 1
A2384	=A2383 + 1
A2385	=A2384 + 1
A2386	=A2385 + 1
A2387	=A2386 + 1
A2388	=A2387 + 1
A2389	=A2388 + 1
A2390	=A2389 + 1
A2391	=A2390 + 1
A2392	=A2391 + 1
A2393	=A2392 + 1
A2394	=A2393 + 1
A2395	=A2394 + 1
A2396	=A2395 + 1
A2397	=A2396 + 1
A2398	=A2397 + 1
A2399	=A2398 + 1
A2400	=A2399 + 1
A2401	=A2400 + 1
A2402	=A2401 + 1
A2403	=A2402 + 1
A2404	=A2403 + 1
A2405	=A2404 + 1
A2406	=A2405 + 1
A2407	=A2406 + 1
A2408	=A2407 + 1
A2409	=A2408 + 1
A2410	=A2409 + 1
A2411	=A2410 + 1
A2412	=A2411 + 1
A2413	=A2412 + 1
A2414	=A2413 + 1
A2415	=A2414 + 1
A2416	=A2415 + 1
A2417	=A2416 + 1
A2418	=A2417 + 1
A2419	=A2418 + 1
A2420	=A2419 + 1
A2421	=A2420 + 1
A2422	=A2421 + 1
A2423	=A2422 + 1
A2424	=A2423 + 1
A2425	=A2424 + 1
A2426	=A2425 + 1
A2427	=A2426 + 1
A2428	=A2427 + 1
A2429	=A2428 + 1
A2430	=A2429 + 1
A2431	=A2430 + 1
A2432	=A2431 + 1
A2433	=A2432 + 1
A2434	=A2433 + 1
A2435	=A2434 + 1
A2436	=A2435 + 1
A2437	=A2436 + 1
A2438	=A2437 + 1
A2439	=A2438 + 1
A2440	=A2439 + 1
A2441	=A2440 + 1
A2442	=A2441 + 1
A2443	=A2442 + 1
A2444	=A2443 + 1
A2445	=A2444 + 1
A2446	=A2445 + 1
A2447	=A2446 + 1
A2448	=A2447 + 1
A2449	=A2448 + 1
A2450	=A2449 + 1
A2451	=A2450 + 1
A2452	=A2451 + 1
A2453	=A2452 + 1
A2454	=A2453 + 1
A2455	=A2454 + 1
A2456	=A2455 + 1
A2457	=A2456 + 1
A2458	=A2457 + 1
A2459	=A2458 + 1
A2460	=A2459 + 1
A2461	=A2460 + 1
A2462	=A2461 + 1
A2463	=A2462 + 1
A2464	=A2463 + 1
A2465	=A2464 + 1
A2466	=A2465 + 1
A2467	=A2466 + 1
A2468	=A2467 + 1
A2469	=A2468 + 1
A2470	=A2469 + 1
A2471	=A2470 + 1
A2472	=A2471 + 1
A2473	=A2472 + 1
A2474	=A2473 + 1
A2475	=A2474 + 1
A2476	=A2475 + 1
A2477	=A2476 + 1
A2478	=A2477 + 1
A2479	=A2478 + 1
A2480	=A2479 + 1
A2481	=A2480 + 1
A2482	=A2481 + 1
A2483	=A2482 + 1
A2484	=A2483 + 1
A2485	=A2484 + 1
A2486	=A2485 + 1
A2487	=A2486 + 1
A2488	=A2487 + 1
A2489	=A2488 + 1
A2490	=A2489 + 1
A2491	=A2490 + 1
A2492	=A2491 + 1
A2493	=A2492 + 1
A2494	=A2493 + 1
A2495	=A2494 + 1
A2496	=A2495 + 1
A2497	=A2496 + 1
A2498	=A2497 + 1
A2499	=A2498 + 1
A2500	=A2499 + 1
A2501	=A2500 + 1
A2502	=A2501 + 1
A2503	=A2502 + 1
A2504	=A2503 + 1
A2505	=A2504 + 1
A2506	=A2505 + 1
A2507	=A2506 + 1
A2508	=A2507 + 1
A2509	=A2508 + 1
A2510	=A2509 + 1
A2511	=A2510 + 1
A2512	=A2511 + 1
A2513	=A2512 + 1
A2514	=A2513 + 1
A2515	=A2514 + 1
A2516	=A2515 + 1
A2517	=A2516 + 1
A2518	=A2517 + 1
A2519	=A2518 + 1
A2520	=A2519 + 1
A2521	=A2520 + 1
A2522	=A2521 + 1
A2523	=A2522 + 1
A2524	=A2523 + 1
A2525	=A2524 + 1
A2526	=A2525 + 1
A2527	=A2526 + 1
A2528	=A2527 + 1
A2529	=A2528 + 1
A2530	=A2529 + 1
A2531	=A2530 + 1
A2532	=A2531 + 1
A2533	=A2532 + 1
A2534	=A2533 + 1
A2535	=A2534 + 1
A2536	=A2535 + 1
A2537	=A2536 + 1
A2538	=A2537 + 1
A2539	=A2538 + 1
A2540	=A2539 + 1
A2541	=A2540 + 1
A2542	=A2541 + 1
A2543	=A2542 + 1
A2544	=A2543 + 1
A2545	=A2544 + 1
A2546	=A2545 + 1
A2547	=A2546 + 1
A2548	=A2547 + 1
A2549	=A2548 + 1
A2550	=A2549 + 1
A2551	=A2550 + 1
A2552	=A2551 + 1
A2553	=A2552 + 1
A2554	=A2553 + 1
A2555	=A2554 + 1
A2556	=A2555 + 1
A2557	=A2556 + 1
A2558	=A2557 + 1
A2559	=A2558 + 1
A2560	=A2559 + 1
A2561	=A2560 + 1
A2562	=A2561 + 1
A2563	=A2562 + 1
A2564	=A2563 + 1
A2565	=A2564 + 1
A2566	=A2565 + 1
A2567	=A2566 + 1
A2568	=A2567 + 1
A2569	=A2568 + 1
A2570	=A2569 + 1
A2571	=A2570 + 1
A2572	=A2571 + 1
A2573	=A2572 + 1
A2574	=A2573 + 1
A2575	=A2574 + 1
A2576	=A2575 + 1
A2577	=A2576 + 1
A2578	=A2577 + 1
A2579	=A2578 + 1
A2580	=A2579 + 1
A2581	=A2580 + 1
A2582	=A2581 + 1
A2583	=A2582 + 1
A2584	=A2583 + 1
A2585	=A2584 + 1
A2586	=A2585 + 1
A2587	=A2586 + 1
A2588	=A2587 + 1
A2589	=A2588 + 1
A2590	=A2589 + 1
A2591	=A2590 + 1
A2592	=A2591 + 1
A2593	=A2592 + 1
A2594	=A2593 + 1
A2595	=A2594 + 1
A2596	=A2595 + 1
A2597	=A2596 + 1
A2598	=A2597 + 1
A2599	=A2598 + 1
A2600	=A2599 + 1
A2601	=A2600 + 1
A2602	=A2601 + 1
A2603	=A2602 + 1
A2604	=A2603 + 1
A2605	=A2604 + 1
A2606	=A2605 + 1
A2607	=A2606 + 1
A2608	=A2607 + 1
A2609	=A2608 + 1
A2610	=A2609 + 1
A2611	=A2610 + 1
A2612	=A2611 + 1
A2613	=A2612 + 1
A2614	=A2613 + 1
A2615	=A2614 + 1
A2616	=A2615 + 1
A2617	=A2616 + 1
A2618	=A2617 + 1
A2619	=A2618 + 1
A2620	=A2619 + 1
A2621	=A2620 + 1
A2622	=A2621 + 1
A2623	=A2622 + 1
A2624	=A2623 + 1
A2625	=A2624 + 1
A2626	=A2625 + 1
A2627	=A2626 + 1
A2628	=A2627 + 1
A2629	=A2628 + 1
A2630	=A2629 + 1
A2631	=A2630 + 1
A2632	=A2631 + 1
A2633	=A2632 + 1
A2634	=A2633 + 1
A2635	=A2634 + 1
A2636	=A2635 + 1
A2637	=A2636 + 1
A2638	=A2637 + 1
A2639	=A2638 + 1
A2640	=A2639 + 1
A2641	=A2640 + 1
A2642	=A2641 + 1
A2643	=A2642 + 1
A2644	=A2643 + 1
A2645	=A2644 + 1
A2646	=A2645 + 1
A2647	=A2646 + 1
A2648	=A2647 + 1
A2649	=A2648 + 1
A2650	=A2649 + 1
A2651	=A2650 + 1
A2652	=A2651 + 1
A2653	=A2652 + 1
A2654	=A2653 + 1
A2655	=A2654 + 1
A2656	=A2655 + 1
A2657	=A2656 + 1
A2658	=A2657 + 1
A2659	=A2658 + 1
A2660	=A2659 + 1
A2661	=A2660 + 1
A2662	=A2661 + 1
A2663	=A2662 + 1
A2664	=A2663 + 1
A2665	=A2664 + 1
A2666	=A2665 + 1
A2667	=A2666 + 1
A2668	=A2667 + 1
A2669	=A2668 + 1
A2670	=A2669 + 1
A2671	=A2670 + 1
A2672	=A2671 + 1
A2673	=A2672 + 1
A2674	=A2673 + 1
A2675	=A2674 + 1
A2676	=A2675 + 1
A2677	=A2676 + 1
A2678	=A2677 + 1
A2679	=A2678 + 1
A2680	=A2679 + 1
A2681	=A2680 + 1
A2682	=A2681 + 1
A2683	=A2682 + 1
A2684	=A2683 + 1
A2685	=A2684 + 1
A2686	=A2685 + 1
A2687	=A2686 + 1
A2688	=A2687 + 1
A2689	=A2688 + 1
A2690	=A2689 + 1
A2691	=A2690 + 1
A2692	=A2691 + 1
A2693	=A2692 + 1
A2694	=A2693 + 1
A2695	=A2694 + 1
A2696	=A2695 + 1
A2697	=A2696 + 1
A2698	=A2697 + 1
A2699	=A2698 + 1
A2700	=A2699 + 1
A2701	=A2700 + 1
A2702	=A2701 + 1
A2703	=A2702 + 1
A2704	=A2703 + 1
A2705	=A2704 + 1
A2706	=A2705 + 1
A2707	=A2706 + 1
A2708	=A2707 + 1
A2709	=A2708 + 1
A2710	=A2709 + 1
A2711	=A2710 + 1
A2712	=A2711 + 1
A2713	=A2712 + 1
A2714	=A2713 + 1
A2715	=A2714 + 1
A2716	=A2715 + 1
A2717	=A2716 + 1
A2718	=A2717 + 1
A2719	=A2718 + 1
A2720	=A2719 + 1
A2721	=A2720 + 1
A2722	=A2721 + 1
A2723	=A2722 + 1
A2724	=A2723 + 1
A2725	=A2724 + 1
A2726	=A2725 + 1
A2727	=A2726 + 1
A2728	=A2727 + 1
A2729	=A2728 + 1
A2730	=A2729 + 1
A2731	=A2730 + 1
A2732	=A2731 + 1
A2733	=A2732 + 1
A2734	=A2733 + 1
A2735	=A2734 + 1
A2736	=A2735 + 1
A2737	=A2736 + 1
A2738	=A2737 + 1
A2739	=A2738 + 1
A2740	=A2739 + 1
A2741	=A2740 + 1
A2742	=A2741 + 1
A2743	=A2742 + 1
A2744	=A2743 + 1
A2745	=A2744 + 1
A2746	=A2745 + 1
A2747	=A2746 + 1
A2748	=A2747 + 1
A2749	=A2748 + 1
A2750	=A2749 + 1
A2751	=A2750 + 1
A2752	=A2751 + 1
A2753	=A2752 + 1
A2754	=A2753 + 1
A2755	=A2754 + 1
A2756	=A2755 + 1
A2757	=A2756 + 1
A2758	=A2757 + 1
A2759	=A2758 + 1
A2760	=A2759 + 1
A2761	=A2760 + 1
A2762	=A2761 + 1
A2763	=A2762 + 1
A2764	=A2763 + 1
A2765	=A2764 + 1
A2766	=A2765 + 1
A2767	=A2766 + 1
A2768	=A2767 + 1
A2769	=A2768 + 1
A2770	=A2769 + 1
A2771	=A2770 + 1
A2772	=A2771 + 1
A2773	=A2772 + 1
A2774	=A2773 + 1
A2775	=A2774 + 1
A2776	=A2775 + 1
A2777	=A2776 + 1
A2778	=A2777 + 1
A2779	=A2778 + 1
A2780	=A2779 + 1
A2781	=A2780 + 1
A2782	=A2781 + 1
A2783	=A2782 + 1
A2784	=A2783 + 1
A2785	=A2784 + 1
A2786	=A2785 + 1
A2787	=A2786 + 1
A2788	=A2787 + 1
A2789	=A2788 + 1
A2790	=A2789 + 1
A2791	=A2790 + 1
A2792	=A2791 + 1
A2793	=A2792 + 1
A2794	=A2793 + 1
A2795	=A2794 + 1
A2796	=A2795 + 1
A2797	=A2796 + 1
A2798	=A2797 + 1
A2799	=A2798 + 1
A2800	=A2799 + 1
A2801	=A2800 + 1
A2802	=A2801 + 1
A2803	=A2802 + 1
A2804	=A2803 + 1
A2805	=A2804 + 1
A2806	=A2805 + 1
A2807	=A2806 + 1
A2808	=A2807 + 1
A2809	=A2808 + 1
A2810	=A2809 + 1
A2811	=A2810 + 1
A2812	=A2811 + 1
A2813	=A2812 + 1
A2814	=A2813 + 1
A2815	=A2814 + 1
A2816	=A2815 + 1
A2817	=A2816 + 1
A2818	=A2817 + 1
A2819	=A2818 + 1
A2820	=A2819 + 1
A2821	=A2820 + 1
A2822	=A2821 + 1
A2823	=A2822 + 1
A2824	=A2823 + 1
A2825	=A2824 + 1
A2826	=A2825 + 1
A2827	=A2826 + 1
A2828	=A2827 + 1
A2829	=A2828 + 1
A2830	=A2829 + 1
A2831	=A2830 + 1
A2832	=A2831 + 1
A2833	=A2832 + 1
A2834	=A2833 + 1
A2835	=A2834 + 1
A2836	=A2835 + 1
A2837	=A2836 + 1
A2838	=A2837 + 1
A2839	=A2838 + 1
A2840	=A2839 + 1
A2841	=A2840 + 1
A2842	=A2841 + 1
A2843	=A2842 + 1
A2844	=A2843 + 1
A2845	=A2844 + 1
A2846	=A2845 + 1
A2847	=A2846 + 1
A2848	=A2847 + 1
A2849	=A2848 + 1
A2850	=A2849 + 1
A2851	=A2850 + 1
A2852	=A2851 + 1
A2853	=A2852 + 1
A2854	=A2853 + 1
A2855	=A2854 + 1
A2856	=A2855 + 1
A2857	=A2856 + 1
A2858	=A2857 + 1
A2859	=A2858 + 1
A2860	=A2859 + 1
A2861	=A2860 + 1
A2862	=A2861 + 1
A2863	=A2862 + 1
A2864	=A2863 + 1
A2865	=A2864 + 1
A2866	=A2865 + 1
A2867	=A2866 + 1
A2868	=A2867 + 1
A2869	=A2868 + 1
A2870	=A2869 + 1
A2871	=A2870 + 1
A2872	=A2871 + 1
A2873	=A2872 + 1
A2874	=A2873 + 1
A2875	=A2874 + 1
A2876	=A2875 + 1
A2877	=A2876 + 1
A2878	=A2877 + 1
A2879	=A2878 + 1
A2880	=A2879 + 1
A2881	=A2880 + 1
A2882	=A2881 + 1
A2883	=A2882 + 1
A2884	=A2883 + 1
A2885	=A2884 + 1
A2886	=A2885 + 1
A2887	=A2886 + 1
A2888	=A2887 + 1
A2889	=A2888 + 1
A2890	=A2889 + 1
A2891	=A2890 + 1
A2892	=A2891 + 1
A2893	=A2892 + 1
A2894	=A2893 + 1
A2895	=A2894 + 1
A2896	=A2895 + 1
A2897	=A2896 + 1
A2898	=A2897 + 1
A2899	=A2898 + 1
A2900	=A2899 + 1
A2901	=A2900 + 1
A2902	=A2901 + 1
A2903	=A2902 + 1
A2904	=A2903 + 1
A2905	=A2904 + 1
A2906	=A2905 + 1
A2907	=A2906 + 1
A2908	=A2907 + 1
A2909	=A2908 + 1
A2910	=A2909 + 1
A2911	=A2910 + 1
A2912	=A2911 + 1
A2913	=A2912 + 1
A2914	=A2913 + 1
A2915	=A2914 + 1
A2916	=A2915 + 1
A2917	=A2916 + 1
A2918	=A2917 + 1
A2919	=A2918 + 1
A2920	=A2919 + 1
A2921	=A2920 + 1
A2922	=A2921 + 1
A2923	=A2922 + 1
A2924	=A2923 + 1
A2925	=A2924 + 1
A2926	=A2925 + 1
A2927	=A2926 + 1
A2928	=A2927 + 1
A2929	=A2928 + 1
A2930	=A2929 + 1
A2931	=A2930 + 1
A2932	=A2931 + 1
A2933	=A2932 + 1
A2934	=A2933 + 1
A2935	=A2934 + 1
A2936	=A2935 + 1
A2937	=A2936 + 1
A2938	=A2937 + 1
A2939	=A2938 + 1
A2940	=A2939 + 1
A2941	=A2940 + 1
A2942	=A2941 + 1
A2943	=A2942 + 1
A2944	=A2943 + 1
A2945	=A2944 + 1
A2946	=A2945 + 1
A2947	=A2946 + 1
A2948	=A2947 + 1
A2949	=A2948 + 1
A2950	=A2949 + 1
A2951	=A2950 + 1
A2952	=A2951 + 1
A2953	=A2952 + 1
A2954	=A2953 + 1
A2955	=A2954 + 1
A2956	=A2955 + 1
A2957	=A2956 + 1
A2958	=A2957 + 1
A2959	=A2958 + 1
A2960	=A2959 + 1
A2961	=A2960 + 1
A2962	=A2961 + 1
A2963	=A2962 + 1
A2964	=A2963 + 1
A2965	=A2964 + 1
A2966	=A2965 + 1
A2967	=A2966 + 1
A2968	=A2967 + 1
A2969	=A2968 + 1
A2970	=A2969 + 1
A2971	=A2970 + 1
A2972	=A2971 + 1
A2973	=A2972 + 1
A2974	=A2973 + 1
A2975	=A2974 + 1
A2976	=A2975 + 1
A2977	=A2976 + 1
A2978	=A2977 + 1
A2979	=A2978 + 1
A2980	=A2979 + 1
A2981	=A2980 + 1
A2982	=A2981 + 1
A2983	=A2982 + 1
A2984	=A2983 + 1
A2985	=A2984 + 1
A2986	=A2985 + 1
A2987	=A2986 + 1
A2988	=A2987 + 1
A2989	=A2988 + 1
A2990	=A2989 + 1
A2991	=A2990 + 1
A2992	=A2991 + 1
A2993	=A2992 + 1
A2994	=A2993 + 1
A2995	=A2994 + 1
A2996	=A2995 + 1
A2997	=A2996 + 1
A2998	=A2997 + 1
A2999	=A2998 + 1
A3000	=A2999 + 1
A3001	=A3000 + 1
A3002	=A3001 + 1
A3003	=A3002 + 1
A3004	=A3003 + 1
A3005	=A3004 + 1
A3006	=A3005 + 1
A3007	=A3006 + 1
A3008	=A3007 + 1
A3009	=A3008 + 1
A3010	=A3009 + 1
A3011	=A3010 + 1
A3012	=A3011 + 1
A3013	=A3012 + 1
A3014	=A3013 + 1
A3015	=A3014 + 1
A3016	=A3015 + 1
A3017	=A3016 + 1
A3018	=A3017 + 1
A3019	=A3018 + 1
A3020	=A3019 + 1
A3021	=A3020 + 1
A3022	=A3021 + 1
A3023	=A3022 + 1
A3024	=A3023 + 1
A3025	=A3024 + 1
A3026	=A3025 + 1
A3027	=A3026 + 1
A3028	=A3027 + 1
A3029	=A3028 + 1
A3030	=A3029 + 1
A3031	=A3030 + 1
A3032	=A3031 + 1
A3033	=A3032 + 1
A3034	=A3033 + 1
A3035	=A3034 + 1
A3036	=A3035 + 1
A3037	=A3036 + 1
A3038	=A3037 + 1
A3039	=A3038 + 1
A3040	=A3039 + 1
A3041	=A3040 + 1
A3042	=A3041 + 1
A3043	=A3042 + 1
A3044	=A3043 + 1
A3045	=A3044 + 1
A3046	=A3045 + 1
A3047	=A3046 + 1
A3048	=A3047 + 1
A3049	=A3048 + 1
A3050	=A3049 + 1
A3051	=A3050 + 1
A3052	=A3051 + 1
A3053	=A3052 + 1
A3054	=A3053 + 1
A3055	=A3054 + 1
A3056	=A3055 + 1
A3057	=A3056 + 1
A3058	=A3057 + 1
A3059	=A3058 + 1
A3060	=A3059 + 1
A3061	=A3060 + 1
A3062	=A3061 + 1
A3063	=A3062 + 1
A3064	=A3063 + 1
A3065	=A3064 + 1
A3066	=A3065 + 1
A3067	=A3066 + 1
A3068	=A3067 + 1
A3069	=A3068 + 1
A3070	=A3069 + 1
A3071	=A3070 + 1
A3072	=A3071 + 1
A3073	=A3072 + 1
A3074	=A3073 + 1
A3075	=A3074 + 1
A3076	=A3075 + 1
A3077	=A3076 + 1
A3078	=A3077 + 1
A3079	=A3078 + 1
A3080	=A3079 + 1
A3081	=A3080 + 1
A3082	=A3081 + 1
A3083	=A3082 + 1
A3084	=A3083 + 1
A3085	=A3084 + 1
A3086	=A3085 + 1
A3087	=A3086 + 1
A3088	=A3087 + 1
A3089	=A3088 + 1
A3090	=A3089 + 1
A3091	=A3090 + 1
A3092	=A3091 + 1
A3093	=A3092 + 1
A3094	=A3093 + 1
A3095	=A3094 + 1
A3096	=A3095 + 1
A3097	=A3096 + 1
A3098	=A3097 + 1
A3099	=A3098 + 1
A3100	=A3099 + 1
A3101	=A3100 + 1
A3102	=A3101 + 1
A3103	=A3102 + 1
A3104	=A3103 + 1
A3105	=A3104 + 1
A3106	=A3105 + 1
A3107	=A3106 + 1
A3108	=A3107 + 1
A3109	=A3108 + 1
A3110	=A3109 + 1
A3111	=A3110 + 1
A3112	=A3111 + 1
A3113	=A3112 + 1
A3114	=A3113 + 1
A3115	=A3114 + 1
A3116	=A3115 + 1
A3117	=A3116 + 1
A3118	=A3117 + 1
A3119	=A3118 + 1
A3120	=A3119 + 1
A3121	=A3120 + 1
A3122	=A3121 + 1
A3123	=A3122 + 1
A3124	=A3123 + 1
A3125	=A3124 + 1
A3126	=A3125 + 1
A3127	=A3126 + 1
A3128	=A3127 + 1
A3129	=A3128 + 1
A3130	=A3129 + 1
A3131	=A3130 + 1
A3132	=A3131 + 1
A3133	=A3132 + 1
A3134	=A3133 + 1
A3135	=A3134 + 1
A3136	=A3135 + 1
A3137	=A3136 + 1
A3138	=A3137 + 1
A3139	=A3138 + 1
A3140	=A3139 + 1
A3141	=A3140 + 1
A3142	=A3141 + 1
A3143	=A3142 + 1
A3144	=A3143 + 1
A3145	=A3144 + 1
A3146	=A3145 + 1
A3147	=A3146 + 1
A3148	=A3147 + 1
A3149	=A3148 + 1
A3150	=A3149 + 1
A3151	=A3150 + 1
A3152	=A3151 + 1
A3153	=A3152 + 1
A3154	=A3153 + 1
A3155	=A3154 + 1
A3156	=A3155 + 1
A3157	=A3156 + 1
A3158	=A3157 + 1
A3159	=A3158 + 1
A3160	=A3159 + 1
A3161	=A3160 + 1
A3162	=A3161 + 1
A3163	=A3162 + 1
A3164	=A3163 + 1
A3165	=A3164 + 1
A3166	=A3165 + 1
A3167	=A3166 + 1
A3168	=A3167 + 1
A3169	=A3168 + 1
A3170	=A3169 + 1
A3171	=A3170 + 1
A3172	=A3171 + 1
A3173	=A3172 + 1
A3174	=A3173 + 1
A3175	=A3174 + 1
A3176	=A3175 + 1
A3177	=A3176 + 1
A3178	=A3177 + 1
A3179	=A3178 + 1
A3180	=A3179 + 1
A3181	=A3180 + 1
A3182	=A3181 + 1
A3183	=A3182 + 1
A3184	=A3183 + 1
A3185	=A3184 + 1
A3186	=A3185 + 1
A3187	=A3186 + 1
A3188	=A3187 + 1
A3189	=A3188 + 1
A3190	=A3189 + 1
A3191	=A3190 + 1
A3192	=A3191 + 1
A3193	=A3192 + 1
A3194	=A3193 + 1
A3195	=A3194 + 1
A3196	=A3195 + 1
A3197	=A3196 + 1
A3198	=A3197 + 1
A3199	=A3198 + 1
A3200	=A3199 + 1
A3201	=A3200 + 1
A3202	=A3201 + 1
A3203	=A3202 + 1
A3204	=A3203 + 1
A3205	=A3204 + 1
A3206	=A3205 + 1
A3207	=A3206 + 1
A3208	=A3207 + 1
A3209	=A3208 + 1
A3210	=A3209 + 1
A3211	=A3210 + 1
A3212	=A3211 + 1
A3213	=A3212 + 1
A3214	=A3213 + 1
A3215	=A3214 + 1
A3216	=A3215 + 1
A3217	=A3216 + 1
A3218	=A3217 + 1
A3219	=A3218 + 1
A3220	=A3219 + 1
A3221	=A3220 + 1
A3222	=A3221 + 1
A3223	=A3222 + 1
A3224	=A3223 + 1
A3225	=A3224 + 1
A3226	=A3225 + 1
A3227	=A3226 + 1
A3228	=A3227 + 1
A3229	=A3228 + 1
A3230	=A3229 + 1
A3231	=A3230 + 1
A3232	=A3231 + 1
A3233	=A3232 + 1
A3234	=A3233 + 1
A3235	=A3234 + 1
A3236	=A3235 + 1
A3237	=A3236 + 1
A3238	=A3237 + 1
A3239	=A3238 + 1
A3240	=A3239 + 1
A3241	=A3240 + 1
A3242	=A3241 + 1
A3243	=A3242 + 1
A3244	=A3243 + 1
A3245	=A3244 + 1
A3246	=A3245 + 1
A3247	=A3246 + 1
A3248	=A3247 + 1
A3249	=A3248 + 1
A3250	=A3249 + 1
A3251	=A3250 + 1
A3252	=A3251 + 1
A3253	=A3252 + 1
A3254	=A3253 + 1
A3255	=A3254 + 1
A3256	=A3255 + 1
A3257	=A3256 + 1
A3258	=A3257 + 1
A3259	=A3258 + 1
A3260	=A3259 + 1
A3261	=A3260 + 1
A3262	=A3261 + 1
A3263	=A3262 + 1
A3264	=A3263 + 1
A3265	=A3264 + 1
A3266	=A3265 + 1
A3267	=A3266 + 1
A3268	=A3267 + 1
A3269	=A3268 + 1
A3270	=A3269 + 1
A3271	=A3270 + 1
A3272	=A3271 + 1
A3273	=A3272 + 1
A3274	=A3273 + 1
A3275	=A3274 + 1
A3276	=A3275 + 1
A3277	=A3276 + 1
A3278	=A3277 + 1
A3279	=A3278 + 1
A3280	=A3279 + 1
A3281	=A3280 + 1
A3282	=A3281 + 1
A3283	=A3282 + 1
A3284	=A3283 + 1
A3285	=A3284 + 1
A3286	=A3285 + 1
A3287	=A3286 + 1
A3288	=A3287 + 1
A3289	=A3288 + 1
A3290	=A3289 + 1
A3291	=A3290 + 1
A3292	=A3291 + 1
A3293	=A3292 + 1
A3294	=A3293 + 1
A3295	=A3294 + 1
A3296	=A3295 + 1
A3297	=A3296 + 1
A3298	=A3297 + 1
A3299	=A3298 + 1
A3300	=A3299 + 1
A3301	=A3300 + 1
A3302	=A3301 + 1
A3303	=A3302 + 1
A3304	=A3303 + 1
A3305	=A3304 + 1
A3306	=A3305 + 1
A3307	=A3306 + 1
A3308	=A3307 + 1
A3309	=A3308 + 1
A3310	=A3309 + 1
A3311	=A3310 + 1
A3312	=A3311 + 1
A3313	=A3312 + 1
A3314	=A3313 + 1
A3315	=A3314 + 1
A3316	=A3315 + 1
A3317	=A3316 + 1
A3318	=A3317 + 1
A3319	=A3318 + 1
A3320	=A3319 + 1
A3321	=A3320 + 1
A3322	=A3321 + 1
A3323	=A3322 + 1
A3324	=A3323 + 1
A3325	=A3324 + 1
A3326	=A3325 + 1
A3327	=A3326 + 1
A3328	=A3327 + 1
A3329	=A3328 + 1
A3330	=A3329 + 1
A3331	=A3330 + 1
A3332	=A3331 + 1
A3333	=A3332 + 1
A3334	=A3333 + 1
A3335	=A3334 + 1
A3336	=A3335 + 1
A3337	=A3336 + 1
A3338	=A3337 + 1
A3339	=A3338 + 1
A3340	=A3339 + 1
A3341	=A3340 + 1
A3342	=A3341 + 1
A3343	=A3342 + 1
A3344	=A3343 + 1
A3345	=A3344 + 1
A3346	=A3345 + 1
A3347	=A3346 + 1
A3348	=A3347 + 1
A3349	=A3348 + 1
A3350	=A3349 + 1
A3351	=A3350 + 1
A3352	=A3351 + 1
A3353	=A3352 + 1
A3354	=A3353 + 1
A3355	=A3354 + 1
A3356	=A3355 + 1
A3357	=A3356 + 1
A3358	=A3357 + 1
A3359	=A3358 + 1
A3360	=A3359 + 1
A3361	=A3360 + 1
A3362	=A3361 + 1
A3363	=A3362 + 1
A3364	=A3363 + 1
A3365	=A3364 + 1
A3366	=A3365 + 1
A3367	=A3366 + 1
A3368	=A3367 + 1
A3369	=A3368 + 1
A3370	=A3369 + 1
A3371	=A3370 + 1
A3372	=A3371 + 1
A3373	=A3372 + 1
A3374	=A3373 + 1
A3375	=A3374 + 1
A3376	=A3375 + 1
A3377	=A3376 + 1
A3378	=A3377 + 1
A3379	=A3378 + 1
A3380	=A3379 + 1
A3381	=A3380 + 1
A3382	=A3381 + 1
A3383	=A3382 + 1
A3384	=A3383 + 1
A3385	=A3384 + 1
A3386	=A3385 + 1
A3387	=A3386 + 1
A3388	=A3387 + 1
A3389	=A3388 + 1
A3390	=A3389 + 1
A3391	=A3390 + 1
A3392	=A3391 + 1
A3393	=A3392 + 1
A3394	=A3393 + 1
A3395	=A3394 + 1
A3396	=A3395 + 1
A3397	=A3396 + 1
A3398	=A3397 + 1
A3399	=A3398 + 1
A3400	=A3399 + 1
A3401	=A3400 + 1
A3402	=A3401 + 1
A3403	=A3402 + 1
A3404	=A3403 + 1
A3405	=A3404 + 1
A3406	=A3405 + 1
A3407	=A3406 + 1
A3408	=A3407 + 1
A3409	=A3408 + 1
A3410	=A3409 + 1
A3411	=A3410 + 1
A3412	=A3411 + 1
A3413	=A3412 + 1
A3414	=A3413 + 1
A3415	=A3414 + 1
A3416	=A3415 + 1
A3417	=A3416 + 1
A3418	=A3417 + 1
A3419	=A3418 + 1
A3420	=A3419 + 1
A3421	=A3420 + 1
A3422	=A3421 + 1
A3423	=A3422 + 1
A3424	=A3423 + 1
A3425	=A3424 + 1
A3426	=A3425 + 1
A3427	=A3426 + 1
A3428	=A3427 + 1
A3429	=A3428 + 1
A3430	=A3429 + 1
A3431	=A3430 + 1
A3432	=A3431 + 1
A3433	=A3432 + 1
A3434	=A3433 + 1
A3435	=A3434 + 1
A3436	=A3435 + 1
A3437	=A3436 + 1
A3438	=A3437 + 1
A3439	=A3438 + 1
A3440	=A3439 + 1
A3441	=A3440 + 1
A3442	=A3441 + 1
A3443	=A3442 + 1
A3444	=A3443 + 1
A3445	=A3444 + 1
A3446	=A3445 + 1
A3447	=A3446 + 1
A3448	=A3447 + 1
A3449	=A3448 + 1
A3450	=A3449 + 1
A3451	=A3450 + 1
A3452	=A3451 + 1
A3453	=A3452 + 1
A3454	=A3453 + 1
A3455	=A3454 + 1
A3456	=A3455 + 1
A3457	=A3456 + 1
A3458	=A3457 + 1
A3459	=A3458 + 1
A3460	=A3459 + 1
A3461	=A3460 + 1
A3462	=A3461 + 1
A3463	=A3462 + 1
A3464	=A3463 + 1
A3465	=A3464 + 1
A3466	=A3465 + 1
A3467	=A3466 + 1
A3468	=A3467 + 1
A3469	=A3468 + 1
A3470	=A3469 + 1
A3471	=A3470 + 1
A3472	=A3471 + 1
A3473	=A3472 + 1
A3474	=A3473 + 1
A3475	=A3474 + 1
A3476	=A3475 + 1
A3477	=A3476 + 1
A3478	=A3477 + 1
A3479	=A3478 + 1
A3480	=A3479 + 1
A3481	=A3480 + 1
A3482	=A3481 + 1
A3483	=A3482 + 1
A3484	=A3483 + 1
A3485	=A3484 + 1
A3486	=A3485 + 1
A3487	=A3486 + 1
A3488	=A3487 + 1
A3489	=A3488 + 1
A3490	=A3489 + 1
A3491	=A3490 + 1
A3492	=A3491 + 1
A3493	=A3492 + 1
A3494	=A3493 + 1
A3495	=A3494 + 1
A3496	=A3495 + 1
A3497	=A3496 + 1
A3498	=A3497 + 1
A3499	=A3498 + 1
A3500	=A3499 + 1
A3501	=A3500 + 1
A3502	=A3501 + 1
A3503	=A3502 + 1
A3504	=A3503 + 1
A3505	=A3504 + 1
A3506	=A3505 + 1
A3507	=A3506 + 1
A3508	=A3507 + 1
A3509	=A3508 + 1
A3510	=A3509 + 1
A3511	=A3510 + 1
A3512	=A3511 + 1
A3513	=A3512 + 1
A3514	=A3513 + 1
A3515	=A3514 + 1
A3516	=A3515 + 1
A3517	=A3516 + 1
A3518	=A3517 + 1
A3519	=A3518 + 1
A3520	=A3519 + 1
A3521	=A3520 + 1
A3522	=A3521 + 1
A3523	=A3522 + 1
A3524	=A3523 + 1
A3525	=A3524 + 1
A3526	=A3525 + 1
A3527	=A3526 + 1
A3528	=A3527 + 1
A3529	=A3528 + 1
A3530	=A3529 + 1
A3531	=A3530 + 1
A3532	=A3531 + 1
A3533	=A3532 + 1
A3534	=A3533 + 1
A3535	=A3534 + 1
A3536	=A3535 + 1
A3537	=A3536 + 1
A3538	=A3537 + 1
A3539	=A3538 + 1
A3540	=A3539 + 1
A3541	=A3540 + 1
A3542	=A3541 + 1
A3543	=A3542 + 1
A3544	=A3543 + 1
A3545	=A3544 + 1
A3546	=A3545 + 1
A3547	=A3546 + 1
A3548	=A3547 + 1
A3549	=A3548 + 1
A3550	=A3549 + 1
A3551	=A3550 + 1
A3552	=A3551 + 1
A3553	=A3552 + 1
A3554	=A3553 + 1
A3555	=A3554 + 1
A3556	=A3555 + 1
A3557	=A3556 + 1
A3558	=A3557 + 1
A3559	=A3558 + 1
A3560	=A3559 + 1
A3561	=A3560 + 1
A3562	=A3561 + 1
A3563	=A3562 + 1
A3564	=A3563 + 1
A3565	=A3564 + 1
A3566	=A3565 + 1
A3567	=A3566 + 1
A3568	=A3567 + 1
A3569	=A3568 + 1
A3570	=A3569 + 1
A3571	=A3570 + 1
A3572	=A3571 + 1
A3573	=A3572 + 1
A3574	=A3573 + 1
A3575	=A3574 + 1
A3576	=A3575 + 1
A3577	=A3576 + 1
A3578	=A3577 + 1
A3579	=A3578 + 1
A3580	=A3579 + 1
A3581	=A3580 + 1
A3582	=A3581 + 1
A3583	=A3582 + 1
A3584	=A3583 + 1
A3585	=A3584 + 1
A3586	=A3585 + 1
A3587	=A3586 + 1
A3588	=A3587 + 1
A3589	=A3588 + 1
A3590	=A3589 + 1
A3591	=A3590 + 1
A3592	=A3591 + 1
A3593	=A3592 + 1
A3594	=A3593 + 1
A3595	=A3594 + 1
A3596	=A3595 + 1
A3597	=A3596 + 1
A3598	=A3597 + 1
A3599	=A3598 + 1
A3600	=A3599 + 1
A3601	=A3600 + 1
A3602	=A3601 + 1
A3603	=A3602 + 1
A3604	=A3603 + 1
A3605	=A3604 + 1
A3606	=A3605 + 1
A3607	=A3606 + 1
A3608	=A3607 + 1
A3609	=A3608 + 1
A3610	=A3609 + 1
A3611	=A3610 + 1
A3612	=A3611 + 1
A3613	=A3612 + 1
A3614	=A3613 + 1
A3615	=A3614 + 1
A3616	=A3615 + 1
A3617	=A3616 + 1
A3618	=A3617 + 1
A3619	=A3618 + 1
A3620	=A3619 + 1
A3621	=A3620 + 1
A3622	=A3621 + 1
A3623	=A3622 + 1
A3624	=A3623 + 1
A3625	=A3624 + 1
A3626	=A3625 + 1
A3627	=A3626 + 1
A3628	=A3627 + 1
A3629	=A3628 + 1
A3630	=A3629 + 1
A3631	=A3630 + 1
A3632	=A3631 + 1
A3633	=A3632 + 1
A3634	=A3633 + 1
A3635	=A3634 + 1
A3636	=A3635 + 1
A3637	=A3636 + 1
A3638	=A3637 + 1
A3639	=A3638 + 1
A3640	=A3639 + 1
A3641	=A3640 + 1
A3642	=A3641 + 1
A3643	=A3642 + 1
A3644	=A3643 + 1
A3645	=A3644 + 1
A3646	=A3645 + 1
A3647	=A3646 + 1
A3648	=A3647 + 1
A3649	=A3648 + 1
A3650	=A3649 + 1
A3651	=A3650 + 1
A3652	=A3651 + 1
A3653	=A3652 + 1
A3654	=A3653 + 1
A3655	=A3654 + 1
A3656	=A3655 + 1
A3657	=A3656 + 1
A3658	=A3657 + 1
A3659	=A3658 + 1
A3660	=A3659 + 1
A3661	=A3660 + 1
A3662	=A3661 + 1
A3663	=A3662 + 1
A3664	=A3663 + 1
A3665	=A3664 + 1
A3666	=A3665 + 1
A3667	=A3666 + 1
A3668	=A3667 + 1
A3669	=A3668 + 1
A3670	=A3669 + 1
A3671	=A3670 + 1
A3672	=A3671 + 1
A3673	=A3672 + 1
A3674	=A3673 + 1
A3675	=A3674 + 1
A3676	=A3675 + 1
A3677	=A3676 + 1
A3678	=A3677 + 1
A3679	=A3678 + 1
A3680	=A3679 + 1
A3681	=A3680 + 1
A3682	=A3681 + 1
A3683	=A3682 + 1
A3684	=A3683 + 1
A3685	=A3684 + 1
A3686	=A3685 + 1
A3687	=A3686 + 1
A3688	=A3687 + 1
A3689	=A3688 + 1
A3690	=A3689 + 1
A3691	=A3690 + 1
A3692	=A3691 + 1
A3693	=A3692 + 1
A3694	=A3693 + 1
A3695	=A3694 + 1
A3696	=A3695 + 1
A3697	=A3696 + 1
A3698	=A3697 + 1
A3699	=A3698 + 1
A3700	=A3699 + 1
A3701	=A3700 + 1
A3702	=A3701 + 1
A3703	=A3702 + 1
A3704	=A3703 + 1
A3705	=A3704 + 1
A3706	=A3705 + 1
A3707	=A3706 + 1
A3708	=A3707 + 1
A3709	=A3708 + 1
A3710	=A3709 + 1
A3711	=A3710 + 1
A3712	=A3711 + 1
A3713	=A3712 + 1
A3714	=A3713 + 1
A3715	=A3714 + 1
A3716	=A3715 + 1
A3717	=A3716 + 1
A3718	=A3717 + 1
A3719	=A3718 + 1
A3720	=A3719 + 1
A3721	=A3720 + 1
A3722	=A3721 + 1
A3723	=A3722 + 1
A3724	=A3723 + 1
A3725	=A3724 + 1
A3726	=A3725 + 1
A3727	=A3726 + 1
A3728	=A3727 + 1
A3729	=A3728 + 1
A3730	=A3729 + 1
A3731	=A3730 + 1
A3732	=A3731 + 1
A3733	=A3732 + 1
A3734	=A3733 + 1
A3735	=A3734 + 1
A3736	=A3735 + 1
A3737	=A3736 + 1
A3738	=A3737 + 1
A3739	=A3738 + 1
A3740	=A3739 + 1
A3741	=A3740 + 1
A3742	=A3741 + 1
A3743	=A3742 + 1
A3744	=A3743 + 1
A3745	=A3744 + 1
A3746	=A3745 + 1
A3747	=A3746 + 1
A3748	=A3747 + 1
A3749	=A3748 + 1
A3750	=A3749 + 1
A3751	=A3750 + 1
A3752	=A3751 + 1
A3753	=A3752 + 1
A3754	=A3753 + 1
A3755	=A3754 + 1
A3756	=A3755 + 1
A3757	=A3756 + 1
A3758	=A3757 + 1
A3759	=A3758 + 1
A3760	=A3759 + 1
A3761	=A3760 + 1
A3762	=A3761 + 1
A3763	=A3762 + 1
A3764	=A3763 + 1
A3765	=A3764 + 1
A3766	=A3765 + 1
A3767	=A3766 + 1
A3768	=A3767 + 1
A3769	=A3768 + 1
A3770	=A3769 + 1
A3771	=A3770 + 1
A3772	=A3771 + 1
A3773	=A3772 + 1
A3774	=A3773 + 1
A3775	=A3774 + 1
A3776	=A3775 + 1
A3777	=A3776 + 1
A3778	=A3777 + 1
A3779	=A3778 + 1
A3780	=A3779 + 1
A3781	=A3780 + 1
A3782	=A3781 + 1
A3783	=A3782 + 1
A3784	=A3783 + 1
A3785	=A3784 + 1
A3786	=A3785 + 1
A3787	=A3786 + 1
A3788	=A3787 + 1
A3789	=A3788 + 1
A3790	=A3789 + 1
A3791	=A3790 + 1
A3792	=A3791 + 1
A3793	=A3792 + 1
A3794	=A3793 + 1
A3795	=A3794 + 1
A3796	=A3795 + 1
A3797	=A3796 + 1
A3798	=A3797 + 1
A3799	=A3798 + 1
A3800	=A3799 + 1
A3801	=A3800 + 1
A3802	=A3801 + 1
A3803	=A3802 + 1
A3804	=A3803 + 1
A3805	=A3804 + 1
A3806	=A3805 + 1
A3807	=A3806 + 1
A3808	=A3807 + 1
A3809	=A3808 + 1
A3810	=A3809 + 1
A3811	=A3810 + 1
A3812	=A3811 + 1
A3813	=A3812 + 1
A3814	=A3813 + 1
A3815	=A3814 + 1
A3816	=A3815 + 1
A3817	=A3816 + 1
A3818	=A3817 + 1
A3819	=A3818 + 1
A3820	=A3819 + 1
A3821	=A3820 + 1
A3822	=A3821 + 1
A3823	=A3822 + 1
A3824	=A3823 + 1
A3825	=A3824 + 1
A3826	=A3825 + 1
A3827	=A3826 + 1
A3828	=A3827 + 1
A3829	=A3828 + 1
A3830	=A3829 + 1
A3831	=A3830 + 1
A3832	=A3831 + 1
A3833	=A3832 + 1
A3834	=A3833 + 1
A3835	=A3834 + 1
A3836	=A3835 + 1
A3837	=A3836 + 1
A3838	=A3837 + 1
A3839	=A3838 + 1
A3840	=A3839 + 1
A3841	=A3840 + 1
A3842	=A3841 + 1
A3843	=A3842 + 1
A3844	=A3843 + 1
A3845	=A3844 + 1
A3846	=A3845 + 1
A3847	=A3846 + 1
A3848	=A3847 + 1
A3849	=A3848 + 1
A3850	=A3849 + 1
A3851	=A3850 + 1
A3852	=A3851 + 1
A3853	=A3852 + 1
A3854	=A3853 + 1
A3855	=A3854 + 1
A3856	=A3855 + 1
A3857	=A3856 + 1
A3858	=A3857 + 1
A3859	=A3858 + 1
A3860	=A3859 + 1
A3861	=A3860 + 1
A3862	=A3861 + 1
A3863	=A3862 + 1
A3864	=A3863 + 1
A3865	=A3864 + 1
A3866	=A3865 + 1
A3867	=A3866 + 1
A3868	=A3867 + 1
A3869	=A3868 + 1
A3870	=A3869 + 1
A3871	=A3870 + 1
A3872	=A3871 + 1
A3873	=A3872 + 1
A3874	=A3873 + 1
A3875	=A3874 + 1
A3876	=A3875 + 1
A3877	=A3876 + 1
A3878	=A3877 + 1
A3879	=A3878 + 1
A3880	=A3879 + 1
A3881	=A3880 + 1
A3882	=A3881 + 1
A3883	=A3882 + 1
A3884	=A3883 + 1
A3885	=A3884 + 1
A3886	=A3885 + 1
A3887	=A3886 + 1
A3888	=A3887 + 1
A3889	=A3888 + 1
A3890	=A3889 + 1
A3891	=A3890 + 1
A3892	=A3891 + 1
A3893	=A3892 + 1
A3894	=A3893 + 1
A3895	=A3894 + 1
A3896	=A3895 + 1
A3897	=A3896 + 1
A3898	=A3897 + 1
A3899	=A3898 + 1
A3900	=A3899 + 1
A3901	=A3900 + 1
A3902	=A3901 + 1
A3903	=A3902 + 1
A3904	=A3903 + 1
A3905	=A3904 + 1
A3906	=A3905 + 1
A3907	=A3906 + 1
A3908	=A3907 + 1
A3909	=A3908 + 1
A3910	=A3909 + 1
A3911	=A3910 + 1
A3912	=A3911 + 1
A3913	=A3912 + 1
A3914	=A3913 + 1
A3915	=A3914 + 1
A3916	=A3915 + 1
A3917	=A3916 + 1
A3918	=A3917 + 1
A3919	=A3918 + 1
A3920	=A3919 + 1
A3921	=A3920 + 1
A3922	=A3921 + 1
A3923	=A3922 + 1
A3924	=A3923 + 1
A3925	=A3924 + 1
A3926	=A3925 + 1
A3927	=A3926 + 1
A3928	=A3927 + 1
A3929	=A3928 + 1
A3930	=A3929 + 1
A3931	=A3930 + 1
A3932	=A3931 + 1
A3933	=A3932 + 1
A3934	=A3933 + 1
A3935	=A3934 + 1
A3936	=A3935 + 1
A3937	=A3936 + 1
A3938	=A3937 + 1
A3939	=A3938 + 1
A3940	=A3939 + 1
A3941	=A3940 + 1
A3942	=A3941 + 1
A3943	=A3942 + 1
A3944	=A3943 + 1
A3945	=A3944 + 1
A3946	=A3945 + 1
A3947	=A3946 + 1
A3948	=A3947 + 1
A3949	=A3948 + 1
A3950	=A3949 + 1
A3951	=A3950 + 1
A3952	=A3951 + 1
A3953	=A3952 + 1
A3954	=A3953 + 1
A3955	=A3954 + 1
A3956	=A3955 + 1
A3957	=A3956 + 1
A3958	=A3957 + 1
A3959	=A3958 + 1
A3960	=A3959 + 1
A3961	=A3960 + 1
A3962	=A3961 + 1
A3963	=A3962 + 1
A3964	=A3963 + 1
A3965	=A3964 + 1
A3966	=A3965 + 1
A3967	=A3966 + 1
A3968	=A3967 + 1
A3969	=A3968 + 1
A3970	=A3969 + 1
A3971	=A3970 + 1
A3972	=A3971 + 1
A3973	=A3972 + 1
A3974	=A3973 + 1
A3975	=A3974 + 1
A3976	=A3975 + 1
A3977	=A3976 + 1
A3978	=A3977 + 1
A3979	=A3978 + 1
A3980	=A3979 + 1
A3981	=A3980 + 1
A3982	=A3981 + 1
A3983	=A3982 + 1
A3984	=A3983 + 1
A3985	=A3984 + 1
A3986	=A3985 + 1
A3987	=A3986 + 1
A3988	=A3987 + 1
A3989	=A3988 + 1
A3990	=A3989 + 1
A3991	=A3990 + 1
A3992	=A3991 + 1
A3993	=A3992 + 1
A3994	=A3993 + 1
A3995	=A3994 + 1
A3996	=A3995 + 1
A3997	=A3996 + 1
A3998	=A3997 + 1
A3999	=A3998 + 1
A4000	=A3999 + 1
A4001	=A4000 + 1
A4002	=A4001 + 1
A4003	=A4002 + 1
A4004	=A4003 + 1
A4005	=A4004 + 1
A4006	=A4005 + 1
A4007	=A4006 + 1
A4008	=A4007 + 1
A4009	=A4008 + 1
A4010	=A4009 + 1
A4011	=A4010 + 1
A4012	=A4011 + 1
A4013	=A4012 + 1
A4014	=A4013 + 1
A4015	=A4014 + 1
A4016	=A4015 + 1
A4017	=A4016 + 1
A4018	=A4017 + 1
A4019	=A4018 + 1
A4020	=A4019 + 1
A4021	=A4020 + 1
A4022	=A4021 + 1
A4023	=A4022 + 1
A4024	=A4023 + 1
A4025	=A4024 + 1
A4026	=A4025 + 1
A4027	=A4026 + 1
A4028	=A4027 + 1
A4029	=A4028 + 1
A4030	=A4029 + 1
A4031	=A4030 + 1
A4032	=A4031 + 1
A4033	=A4032 + 1
A4034	=A4033 + 1
A4035	=A4034 + 1
A4036	=A4035 + 1
A4037	=A4036 + 1
A4038	=A4037 + 1
A4039	=A4038 + 1
A4040	=A4039 + 1
A4041	=A4040 + 1
A4042	=A4041 + 1
A4043	=A4042 + 1
A4044	=A4043 + 1
A4045	=A4044 + 1
A4046	=A4045 + 1
A4047	=A4046 + 1
A4048	=A4047 + 1
A4049	=A4048 + 1
A4050	=A4049 + 1
A4051	=A4050 + 1
A4052	=A4051 + 1
A4053	=A4052 + 1
A4054	=A4053 + 1
A4055	=A4054 + 1
A4056	=A4055 + 1
A4057	=A4056 + 1
A4058	=A4057 + 1
A4059	=A4058 + 1
A4060	=A4059 + 1
A4061	=A4060 + 1
A4062	=A4061 + 1
A4063	=A4062 + 1
A4064	=A4063 + 1
A4065	=A4064 + 1
A4066	=A4065 + 1
A4067	=A4066 + 1
A4068	=A4067 + 1
A4069	=A4068 + 1
A4070	=A4069 + 1
A4071	=A4070 + 1
A4072	=A4071 + 1
A4073	=A4072 + 1
A4074	=A4073 + 1
A4075	=A4074 + 1
A4076	=A4075 + 1
A4077	=A4076 + 1
A4078	=A4077 + 1
A4079	=A4078 + 1
A4080	=A4079 + 1
A4081	=A4080 + 1
A4082	=A4081 + 1
A4083	=A4082 + 1
A4084	=A4083 + 1
A4085	=A4084 + 1
A4086	=A4085 + 1
A4087	=A4086 + 1
A4088	=A4087 + 1
A4089	=A4088 + 1
A4090	=A4089 + 1
A4091	=A4090 + 1
A4092	=A4091 + 1
A4093	=A4092 + 1
A4094	=A4093 + 1
A4095	=A4094 + 1
A4096	=A4095 + 1
A4097	=A4096 + 1
A4098	=A4097 + 1
A4099	=A4098 + 1
A4100	=A4099 + 1
A4101	=A4100 + 1
A4102	=A4101 + 1
A4103	=A4102 + 1
A4104	=A4103 + 1
A4105	=A4104 + 1
A4106	=A4105 + 1
A4107	=A4106 + 1
A4108	=A4107 + 1
A4109	=A4108 + 1
A4110	=A4109 + 1
A4111	=A4110 + 1
A4112	=A4111 + 1
A4113	=A4112 + 1
A4114	=A4113 + 1
A4115	=A4114 + 1
A4116	=A4115 + 1
A4117	=A4116 + 1
A4118	=A4117 + 1
A4119	=A4118 + 1
A4120	=A4119 + 1
A4121	=A4120 + 1
A4122	=A4121 + 1
A4123	=A4122 + 1
A4124	=A4123 + 1
A4125	=A4124 + 1
A4126	=A4125 + 1
A4127	=A4126 + 1
A4128	=A4127 + 1
A4129	=A4128 + 1
A4130	=A4129 + 1
A4131	=A4130 + 1
A4132	=A4131 + 1
A4133	=A4132 + 1
A4134	=A4133 + 1
A4135	=A4134 + 1
A4136	=A4135 + 1
A4137	=A4136 + 1
A4138	=A4137 + 1
A4139	=A4138 + 1
A4140	=A4139 + 1
A4141	=A4140 + 1
A4142	=A4141 + 1
A4143	=A4142 + 1
A4144	=A4143 + 1
A4145	=A4144 + 1
A4146	=A4145 + 1
A4147	=A4146 + 1
A4148	=A4147 + 1
A4149	=A4148 + 1
A4150	=A4149 + 1
A4151	=A4150 + 1
A4152	=A4151 + 1
A4153	=A4152 + 1
A4154	=A4153 + 1
A4155	=A4154 + 1
A4156	=A4155 + 1
A4157	=A4156 + 1
A4158	=A4157 + 1
A4159	=A4158 + 1
A4160	=A4159 + 1
A4161	=A4160 + 1
A4162	=A4161 + 1
A4163	=A4162 + 1
A4164	=A4163 + 1
A4165	=A4164 + 1
A4166	=A4165 + 1
A4167	=A4166 + 1
A4168	=A4167 + 1
A4169	=A4168 + 1
A4170	=A4169 + 1
A4171	=A4170 + 1
A4172	=A4171 + 1
A4173	=A4172 + 1
A4174	=A4173 + 1
A4175	=A4174 + 1
A4176	=A4175 + 1
A4177	=A4176 + 1
A4178	=A4177 + 1
A4179	=A4178 + 1
A4180	=A4179 + 1
A4181	=A4180 + 1
A4182	=A4181 + 1
A4183	=A4182 + 1
A4184	=A4183 + 1
A4185	=A4184 + 1
A4186	=A4185 + 1
A4187	=A4186 + 1
A4188	=A4187 + 1
A4189	=A4188 + 1
A4190	=A4189 + 1
A4191	=A4190 + 1
A4192	=A4191 + 1
A4193	=A4192 + 1
A4194	=A4193 + 1
A4195	=A4194 + 1
A4196	=A4195 + 1
A4197	=A4196 + 1
A4198	=A4197 + 1
A4199	=A4198 + 1
A4200	=A4199 + 1
A4201	=A4200 + 1
A4202	=A4201 + 1
A4203	=A4202 + 1
A4204	=A4203 + 1
A4205	=A4204 + 1
A4206	=A4205 + 1
A4207	=A4206 + 1
A4208	=A4207 + 1
A4209	=A4208 + 1
A4210	=A4209 + 1
A4211	=A4210 + 1
A4212	=A4211 + 1
A4213	=A4212 + 1
A4214	=A4213 + 1
A4215	=A4214 + 1
A4216	=A4215 + 1
A4217	=A4216 + 1
A4218	=A4217 + 1
A4219	=A4218 + 1
A4220	=A4219 + 1
A4221	=A4220 + 1
A4222	=A4221 + 1
A4223	=A4222 + 1
A4224	=A4223 + 1
A4225	=A4224 + 1
A4226	=A4225 + 1
A4227	=A4226 + 1
A4228	=A4227 + 1
A4229	=A4228 + 1
A4230	=A4229 + 1
A4231	=A4230 + 1
A4232	=A4231 + 1
A4233	=A4232 + 1
A4234	=A4233 + 1
A4235	=A4234 + 1
A4236	=A4235 + 1
A4237	=A4236 + 1
A4238	=A4237 + 1
A4239	=A4238 + 1
A4240	=A4239 + 1
A4241	=A4240 + 1
A4242	=A4241 + 1
A4243	=A4242 + 1
A4244	=A4243 + 1
A4245	=A4244 + 1
A4246	=A4245 + 1
A4247	=A4246 + 1
A4248	=A4247 + 1
A4249	=A4248 + 1
A4250	=A4249 + 1
A4251	=A4250 + 1
A4252	=A4251 + 1
A4253	=A4252 + 1
A4254	=A4253 + 1
A4255	=A4254 + 1
A4256	=A4255 + 1
A4257	=A4256 + 1
A4258	=A4257 + 1
A4259	=A4258 + 1
A4260	=A4259 + 1
A4261	=A4260 + 1
A4262	=A4261 + 1
A4263	=A4262 + 1
A4264	=A4263 + 1
A4265	=A4264 + 1
A4266	=A4265 + 1
A4267	=A4266 + 1
A4268	=A4267 + 1
A4269	=A4268 + 1
A4270	=A4269 + 1
A4271	=A4270 + 1
A4272	=A4271 + 1
A4273	=A4272 + 1
A4274	=A4273 + 1
A4275	=A4274 + 1
A4276	=A4275 + 1
A4277	=A4276 + 1
A4278	=A4277 + 1
A4279	=A4278 + 1
A4280	=A4279 + 1
A4281	=A4280 + 1
A4282	=A4281 + 1
A4283	=A4282 + 1
A4284	=A4283 + 1
A4285	=A4284 + 1
A4286	=A4285 + 1
A4287	=A4286 + 1
A4288	=A4287 + 1
A4289	=A4288 + 1
A4290	=A4289 + 1
A4291	=A4290 + 1
A4292	=A4291 + 1
A4293	=A4292 + 1
A4294	=A4293 + 1
A4295	=A4294 + 1
A4296	=A4295 + 1
A4297	=A4296 + 1
A4298	=A4297 + 1
A4299	=A4298 + 1
A4300	=A4299 + 1
A4301	=A4300 + 1
A4302	=A4301 + 1
A4303	=A4302 + 1
A4304	=A4303 + 1
A4305	=A4304 + 1
A4306	=A4305 + 1
A4307	=A4306 + 1
A4308	=A4307 + 1
A4309	=A4308 + 1
A4310	=A4309 + 1
A4311	=A4310 + 1
A4312	=A4311 + 1
A4313	=A4312 + 1
A4314	=A4313 + 1
A4315	=A4314 + 1
A4316	=A4315 + 1
A4317	=A4316 + 1
A4318	=A4317 + 1
A4319	=A4318 + 1
A4320	=A4319 + 1
A4321	=A4320 + 1
A4322	=A4321 + 1
A4323	=A4322 + 1
A4324	=A4323 + 1
A4325	=A4324 + 1
A4326	=A4325 + 1
A4327	=A4326 + 1
A4328	=A4327 + 1
A4329	=A4328 + 1
A4330	=A4329 + 1
A4331	=A4330 + 1
A4332	=A4331 + 1
A4333	=A4332 + 1
A4334	=A4333 + 1
A4335	=A4334 + 1
A4336	=A4335 + 1
A4337	=A4336 + 1
A4338	=A4337 + 1
A4339	=A4338 + 1
A4340	=A4339 + 1
A4341	=A4340 + 1
A4342	=A4341 + 1
A4343	=A4342 + 1
A4344	=A4343 + 1
A4345	=A4344 + 1
A4346	=A4345 + 1
A4347	=A4346 + 1
A4348	=A4347 + 1
A4349	=A4348 + 1
A4350	=A4349 + 1
A4351	=A4350 + 1
A4352	=A4351 + 1
A4353	=A4352 + 1
A4354	=A4353 + 1
A4355	=A4354 + 1
A4356	=A4355 + 1
A4357	=A4356 + 1
A4358	=A4357 + 1
A4359	=A4358 + 1
A4360	=A4359 + 1
A4361	=A4360 + 1
A4362	=A4361 + 1
A4363	=A4362 + 1
A4364	=A4363 + 1
A4365	=A4364 + 1
A4366	=A4365 + 1
A4367	=A4366 + 1
A4368	=A4367 + 1
A4369	=A4368 + 1
A4370	=A4369 + 1
A4371	=A4370 + 1
A4372	=A4371 + 1
A4373	=A4372 + 1
A4374	=A4373 + 1
A4375	=A4374 + 1
A4376	=A4375 + 1
A4377	=A4376 + 1
A4378	=A4377 + 1
A4379	=A4378 + 1
A4380	=A4379 + 1
A4381	=A4380 + 1
A4382	=A4381 + 1
A4383	=A4382 + 1
A4384	=A4383 + 1
A4385	=A4384 + 1
A4386	=A4385 + 1
A4387	=A4386 + 1
A4388	=A4387 + 1
A4389	=A4388 + 1
A4390	=A4389 + 1
A4391	=A4390 + 1
A4392	=A4391 + 1
A4393	=A4392 + 1
A4394	=A4393 + 1
A4395	=A4394 + 1
A4396	=A4395 + 1
A4397	=A4396 + 1
A4398	=A4397 + 1
A4399	=A4398 + 1
A4400	=A4399 + 1
A4401	=A4400 + 1
A4402	=A4401 + 1
A4403	=A4402 + 1
A4404	=A4403 + 1
A4405	=A4404 + 1
A4406	=A4405 + 1
A4407	=A4406 + 1
A4408	=A4407 + 1
A4409	=A4408 + 1
A4410	=A4409 + 1
A4411	=A4410 + 1
A4412	=A4411 + 1
A4413	=A4412 + 1
A4414	=A4413 + 1
A4415	=A4414 + 1
A4416	=A4415 + 1
A4417	=A4416 + 1
A4418	=A4417 + 1
A4419	=A4418 + 1
A4420	=A4419 + 1
A4421	=A4420 + 1
A4422	=A4421 + 1
A4423	=A4422 + 1
A4424	=A4423 + 1
A4425	=A4424 + 1
A4426	=A4425 + 1
A4427	=A4426 + 1
A4428	=A4427 + 1
A4429	=A4428 + 1
A4430	=A4429 + 1
A4431	=A4430 + 1
A4432	=A4431 + 1
A4433	=A4432 + 1
A4434	=A4433 + 1
A4435	=A4434 + 1
A4436	=A4435 + 1
A4437	=A4436 + 1
A4438	=A4437 + 1
A4439	=A4438 + 1
A4440	=A4439 + 1
A4441	=A4440 + 1
A4442	=A4441 + 1
A4443	=A4442 + 1
A4444	=A4443 + 1
A4445	=A4444 + 1
A4446	=A4445 + 1
A4447	=A4446 + 1
A4448	=A4447 + 1
A4449	=A4448 + 1
A4450	=A4449 + 1
A4451	=A4450 + 1
A4452	=A4451 + 1
A4453	=A4452 + 1
A4454	=A4453 + 1
A4455	=A4454 + 1
A4456	=A4455 + 1
A4457	=A4456 + 1
A4458	=A4457 + 1
A4459	=A4458 + 1
A4460	=A4459 + 1
A4461	=A4460 + 1
A4462	=A4461 + 1
A4463	=A4462 + 1
A4464	=A4463 + 1
A4465	=A4464 + 1
A4466	=A4465 + 1
A4467	=A4466 + 1
A4468	=A4467 + 1
A4469	=A4468 + 1
A4470	=A4469 + 1
A4471	=A4470 + 1
A4472	=A4471 + 1
A4473	=A4472 + 1
A4474	=A4473 + 1
A4475	=A4474 + 1
A4476	=A4475 + 1
A4477	=A4476 + 1
A4478	=A4477 + 1
A4479	=A4478 + 1
A4480	=A4479 + 1
A4481	=A4480 + 1
A4482	=A4481 + 1
A4483	=A4482 + 1
A4484	=A4483 + 1
A4485	=A4484 + 1
A4486	=A4485 + 1
A4487	=A4486 + 1
A4488	=A4487 + 1
A4489	=A4488 + 1
A4490	=A4489 + 1
A4491	=A4490 + 1
A4492	=A4491 + 1
A4493	=A4492 + 1
A4494	=A4493 + 1
A4495	=A4494 + 1
A4496	=A4495 + 1
A4497	=A4496 + 1
A4498	=A4497 + 1
A4499	=A4498 + 1
A4500	=A4499 + 1
A4501	=A4500 + 1
A4502	=A4501 + 1
A4503	=A4502 + 1
A4504	=A4503 + 1
A4505	=A4504 + 1
A4506	=A4505 + 1
A4507	=A4506 + 1
A4508	=A4507 + 1
A4509	=A4508 + 1
A4510	=A4509 + 1
A4511	=A4510 + 1
A4512	=A4511 + 1
A4513	=A4512 + 1
A4514	=A4513 + 1
A4515	=A4514 + 1
A4516	=A4515 + 1
A4517	=A4516 + 1
A4518	=A4517 + 1
A4519	=A4518 + 1
A4520	=A4519 + 1
A4521	=A4520 + 1
A4522	=A4521 + 1
A4523	=A4522 + 1
A4524	=A4523 + 1
A4525	=A4524 + 1
A4526	=A4525 + 1
A4527	=A4526 + 1
A4528	=A4527 + 1
A4529	=A4528 + 1
A4530	=A4529 + 1
A4531	=A4530 + 1
A4532	=A4531 + 1
A4533	=A4532 + 1
A4534	=A4533 + 1
A4535	=A4534 + 1
A4536	=A4535 + 1
A4537	=A4536 + 1
A4538	=A4537 + 1
A4539	=A4538 + 1
A4540	=A4539 + 1
A4541	=A4540 + 1
A4542	=A4541 + 1
A4543	=A4542 + 1
A4544	=A4543 + 1
A4545	=A4544 + 1
A4546	=A4545 + 1
A4547	=A4546 + 1
A4548	=A4547 + 1
A4549	=A4548 + 1
A4550	=A4549 + 1
A4551	=A4550 + 1
A4552	=A4551 + 1
A4553	=A4552 + 1
A4554	=A4553 + 1
A4555	=A4554 + 1
A4556	=A4555 + 1
A4557	=A4556 + 1
A4558	=A4557 + 1
A4559	=A4558 + 1
A4560	=A4559 + 1
A4561	=A4560 + 1
A4562	=A4561 + 1
A4563	=A4562 + 1
A4564	=A4563 + 1
A4565	=A4564 + 1
A4566	=A4565 + 1
A4567	=A4566 + 1
A4568	=A4567 + 1
A4569	=A4568 + 1
A4570	=A4569 + 1
A4571	=A4570 + 1
A4572	=A4571 + 1
A4573	=A4572 + 1
A4574	=A4573 + 1
A4575	=A4574 + 1
A4576	=A4575 + 1
A4577	=A4576 + 1
A4578	=A4577 + 1
A4579	=A4578 + 1
A4580	=A4579 + 1
A4581	=A4580 + 1
A4582	=A4581 + 1
A4583	=A4582 + 1
A4584	=A4583 + 1
A4585	=A4584 + 1
A4586	=A4585 + 1
A4587	=A4586 + 1
A4588	=A4587 + 1
A4589	=A4588 + 1
A4590	=A4589 + 1
A4591	=A4590 + 1
A4592	=A4591 + 1
A4593	=A4592 + 1
A4594	=A4593 + 1
A4595	=A4594 + 1
A4596	=A4595 + 1
A4597	=A4596 + 1
A4598	=A4597 + 1
A4599	=A4598 + 1
A4600	=A4599 + 1
A4601	=A4600 + 1
A4602	=A4601 + 1
A4603	=A4602 + 1
A4604	=A4603 + 1
A4605	=A4604 + 1
A4606	=A4605 + 1
A4607	=A4606 + 1
A4608	=A4607 + 1
A4609	=A4608 + 1
A4610	=A4609 + 1
A4611	=A4610 + 1
A4612	=A4611 + 1
A4613	=A4612 + 1
A4614	=A4613 + 1
A4615	=A4614 + 1
A4616	=A4615 + 1
A4617	=A4616 + 1
A4618	=A4617 + 1
A4619	=A4618 + 1
A4620	=A4619 + 1
A4621	=A4620 + 1
A4622	=A4621 + 1
A4623	=A4622 + 1
A4624	=A4623 + 1
A4625	=A4624 + 1
A4626	=A4625 + 1
A4627	=A4626 + 1
A4628	=A4627 + 1
A4629	=A4628 + 1
A4630	=A4629 + 1
A4631	=A4630 + 1
A4632	=A4631 + 1
A4633	=A4632 + 1
A4634	=A4633 + 1
A4635	=A4634 + 1
A4636	=A4635 + 1
A4637	=A4636 + 1
A4638	=A4637 + 1
A4639	=A4638 + 1
A4640	=A4639 + 1
A4641	=A4640 + 1
A4642	=A4641 + 1
A4643	=A4642 + 1
A4644	=A4643 + 1
A4645	=A4644 + 1
A4646	=A4645 + 1
A4647	=A4646 + 1
A4648	=A4647 + 1
A4649	=A4648 + 1
A4650	=A4649 + 1
A4651	=A4650 + 1
A4652	=A4651 + 1
A4653	=A4652 + 1
A4654	=A4653 + 1
A4655	=A4654 + 1
A4656	=A4655 + 1
A4657	=A4656 + 1
A4658	=A4657 + 1
A4659	=A4658 + 1
A4660	=A4659 + 1
A4661	=A4660 + 1
A4662	=A4661 + 1
A4663	=A4662 + 1
A4664	=A4663 + 1
A4665	=A4664 + 1
A4666	=A4665 + 1
A4667	=A4666 + 1
A4668	=A4667 + 1
A4669	=A4668 + 1
A4670	=A4669 + 1
A4671	=A4670 + 1
A4672	=A4671 + 1
A4673	=A4672 + 1
A4674	=A4673 + 1
A4675	=A4674 + 1
A4676	=A4675 + 1
A4677	=A4676 + 1
A4678	=A4677 + 1
A4679	=A4678 + 1
A4680	=A4679 + 1
A4681	=A4680 + 1
A4682	=A4681 + 1
A4683	=A4682 + 1
A4684	=A4683 + 1
A4685	=A4684 + 1
A4686	=A4685 + 1
A4687	=A4686 + 1
A4688	=A4687 + 1
A4689	=A4688 + 1
A4690	=A4689 + 1
A4691	=A4690 + 1
A4692	=A4691 + 1
A4693	=A4692 + 1
A4694	=A4693 + 1
A4695	=A4694 + 1
A4696	=A4695 + 1
A4697	=A4696 + 1
A4698	=A4697 + 1
A4699	=A4698 + 1
A4700	=A4699 + 1
A4701	=A4700 + 1
A4702	=A4701 + 1
A4703	=A4702 + 1
A4704	=A4703 + 1
A4705	=A4704 + 1
A4706	=A4705 + 1
A4707	=A4706 + 1
A4708	=A4707 + 1
A4709	=A4708 + 1
A4710	=A4709 + 1
A4711	=A4710 + 1
A4712	=A4711 + 1
A4713	=A4712 + 1
A4714	=A4713 + 1
A4715	=A4714 + 1
A4716	=A4715 + 1
A4717	=A4716 + 1
A4718	=A4717 + 1
A4719	=A4718 + 1
A4720	=A4719 + 1
A4721	=A4720 + 1
A4722	=A4721 + 1
A4723	=A4722 + 1
A4724	=A4723 + 1
A4725	=A4724 + 1
A4726	=A4725 + 1
A4727	=A4726 + 1
A4728	=A4727 + 1
A4729	=A4728 + 1
A4730	=A4729 + 1
A4731	=A4730 + 1
A4732	=A4731 + 1
A4733	=A4732 + 1
A4734	=A4733 + 1
A4735	=A4734 + 1
A4736	=A4735 + 1
A4737	=A4736 + 1
A4738	=A4737 + 1
A4739	=A4738 + 1
A4740	=A4739 + 1
A4741	=A4740 + 1
A4742	=A4741 + 1
A4743	=A4742 + 1
A4744	=A4743 + 1
A4745	=A4744 + 1
A4746	=A4745 + 1
A4747	=A4746 + 1
A4748	=A4747 + 1
A4749	=A4748 + 1
A4750	=A4749 + 1
A4751	=A4750 + 1
A4752	=A4751 + 1
A4753	=A4752 + 1
A4754	=A4753 + 1
A4755	=A4754 + 1
A4756	=A4755 + 1
A4757	=A4756 + 1
A4758	=A4757 + 1
A4759	=A4758 + 1
A4760	=A4759 + 1
A4761	=A4760 + 1
A4762	=A4761 + 1
A4763	=A4762 + 1
A4764	=A4763 + 1
A4765	=A4764 + 1
A4766	=A4765 + 1
A4767	=A4766 + 1
A4768	=A4767 + 1
A4769	=A4768 + 1
A4770	=A4769 + 1
A4771	=A4770 + 1
A4772	=A4771 + 1
A4773	=A4772 + 1
A4774	=A4773 + 1
A4775	=A4774 + 1
A4776	=A4775 + 1
A4777	=A4776 + 1
A4778	=A4777 + 1
A4779	=A4778 + 1
A4780	=A4779 + 1
A4781	=A4780 + 1
A4782	=A4781 + 1
A4783	=A4782 + 1
A4784	=A4783 + 1
A4785	=A4784 + 1
A4786	=A4785 + 1
A4787	=A4786 + 1
A4788	=A4787 + 1
A4789	=A4788 + 1
A4790	=A4789 + 1
A4791	=A4790 + 1
A4792	=A4791 + 1
A4793	=A4792 + 1
A4794	=A4793 + 1
A4795	=A4794 + 1
A4796	=A4795 + 1
A4797	=A4796 + 1
A4798	=A4797 + 1
A4799	=A4798 + 1
A4800	=A4799 + 1
A4801	=A4800 + 1
A4802	=A4801 + 1
A4803	=A4802 + 1
A4804	=A4803 + 1
A4805	=A4804 + 1
A4806	=A4805 + 1
A4807	=A4806 + 1
A4808	=A4807 + 1
A4809	=A4808 + 1
A4810	=A4809 + 1
A4811	=A4810 + 1
A4812	=A4811 + 1
A4813	=A4812 + 1
A4814	=A4813 + 1
A4815	=A4814 + 1
A4816	=A4815 + 1
A4817	=A4816 + 1
A4818	=A4817 + 1
A4819	=A4818 + 1
A4820	=A4819 + 1
A4821	=A4820 + 1
A4822	=A4821 + 1
A4823	=A4822 + 1
A4824	=A4823 + 1
A4825	=A4824 + 1
A4826	=A4825 + 1
A4827	=A4826 + 1
A4828	=A4827 + 1
A4829	=A4828 + 1
A4830	=A4829 + 1
A4831	=A4830 + 1
A4832	=A4831 + 1
A4833	=A4832 + 1
A4834	=A4833 + 1
A4835	=A4834 + 1
A4836	=A4835 + 1
A4837	=A4836 + 1
A4838	=A4837 + 1
A4839	=A4838 + 1
A4840	=A4839 + 1
A4841	=A4840 + 1
A4842	=A4841 + 1
A4843	=A4842 + 1
A4844	=A4843 + 1
A4845	=A4844 + 1
A4846	=A4845 + 1
A4847	=A4846 + 1
A4848	=A4847 + 1
A4849	=A4848 + 1
A4850	=A4849 + 1
A4851	=A4850 + 1
A4852	=A4851 + 1
A4853	=A4852 + 1
A4854	=A4853 + 1
A4855	=A4854 + 1
A4856	=A4855 + 1
A4857	=A4856 + 1
A4858	=A4857 + 1
A4859	=A4858 + 1
A4860	=A4859 + 1
A4861	=A4860 + 1
A4862	=A4861 + 1
A4863	=A4862 + 1
A4864	=A4863 + 1
A4865	=A4864 + 1
A4866	=A4865 + 1
A4867	=A4866 + 1
A4868	=A4867 + 1
A4869	=A4868 + 1
A4870	=A4869 + 1
A4871	=A4870 + 1
A4872	=A4871 + 1
A4873	=A4872 + 1
A4874	=A4873 + 1
A4875	=A4874 + 1
A4876	=A4875 + 1
A4877	=A4876 + 1
A4878	=A4877 + 1
A4879	=A4878 + 1
A4880	=A4879 + 1
A4881	=A4880 + 1
A4882	=A4881 + 1
A4883	=A4882 + 1
A4884	=A4883 + 1
A4885	=A4884 + 1
A4886	=A4885 + 1
A4887	=A4886 + 1
A4888	=A4887 + 1
A4889	=A4888 + 1
A4890	=A4889 + 1
A4891	=A4890 + 1
A4892	=A4891 + 1
A4893	=A4892 + 1
A4894	=A4893 + 1
A4895	=A4894 + 1
A4896	=A4895 + 1
A4897	=A4896 + 1
A4898	=A4897 + 1
A4899	=A4898 + 1
A4900	=A4899 + 1
A4901	=A4900 + 1
A4902	=A4901 + 1
A4903	=A4902 + 1
A4904	=A4903 + 1
A4905	=A4904 + 1
A4906	=A4905 + 1
A4907	=A4906 + 1
A4908	=A4907 + 1
A4909	=A4908 + 1
A4910	=A4909 + 1
A4911	=A4910 + 1
A4912	=A4911 + 1
A4913	=A4912 + 1
A4914	=A4913 + 1
A4915	=A4914 + 1
A4916	=A4915 + 1
A4917	=A4916 + 1
A4918	=A4917 + 1
A4919	=A4918 + 1
A4920	=A4919 + 1
A4921	=A4920 + 1
A4922	=A4921 + 1
A4923	=A4922 + 1
A4924	=A4923 + 1
A4925	=A4924 + 1
A4926	=A4925 + 1
A4927	=A4926 + 1
A4928	=A4927 + 1
A4929	=A4928 + 1
A4930	=A4929 + 1
A4931	=A4930 + 1
A4932	=A4931 + 1
A4933	=A4932 + 1
A4934	=A4933 + 1
A4935	=A4934 + 1
A4936	=A4935 + 1
A4937	=A4936 + 1
A4938	=A4937 + 1
A4939	=A4938 + 1
A4940	=A4939 + 1
A4941	=A4940 + 1
A4942	=A4941 + 1
A4943	=A4942 + 1
A4944	=A4943 + 1
A4945	=A4944 + 1
A4946	=A4945 + 1
A4947	=A4946 + 1
A4948	=A4947 + 1
A4949	=A4948 + 1
A4950	=A4949 + 1
A4951	=A4950 + 1
A4952	=A4951 + 1
A4953	=A4952 + 1
A4954	=A4953 + 1
A4955	=A4954 + 1
A4956	=A4955 + 1
A4957	=A4956 + 1
A4958	=A4957 + 1
A4959	=A4958 + 1
A4960	=A4959 + 1
A4961	=A4960 + 1
A4962	=A4961 + 1
A4963	=A4962 + 1
A4964	=A4963 + 1
A4965	=A4964 + 1
A4966	=A4965 + 1
A4967	=A4966 + 1
A4968	=A4967 + 1
A4969	=A4968 + 1
A4970	=A4969 + 1
A4971	=A4970 + 1
A4972	=A4971 + 1
A4973	=A4972 + 1
A4974	=A4973 + 1
A4975	=A4974 + 1
A4976	=A4975 + 1
A4977	=A4976 + 1
A4978	=A4977 + 1
A4979	=A4978 + 1
A4980	=A4979 + 1
A4981	=A4980 + 1
A4982	=A4981 + 1
A4983	=A4982 + 1
A4984	=A4983 + 1
A4985	=A4984 + 1
A4986	=A4985 + 1
A4987	=A4986 + 1
A4988	=A4987 + 1
A4989	=A4988 + 1
A4990	=A4989 + 1
A4991	=A4990 + 1
A4992	=A4991 + 1
A4993	=A4992 + 1
A4994	=A4993 + 1
A4995	=A4994 + 1
A4996	=A4995 + 1
A4997	=A4996 + 1
A4998	=A4997 + 1
A4999	=A4998 + 1
A5000	=A4999 + 1
B1	=A5000 * 2
B2	=SUM(A1:A100)
