A1	473
B1	-74
C1	-358
D1	-313
E1	-326
F1	8
G1	-352
H1	141
I1	313
J1	-270
A2	=B1 - C1
B2	=J1 % C1
C2	=C1 + H1
D2	-410
E2	-240
F2	476
G2	276
H2	-61
I2	-204
J2	-331
A3	376
B3	393
C3	=SUM(A1:A2)
D3	=G2 - A1
E3	-352
F3	127
G3	219
H3	429
I3	=H2 + B1
J3	39
A4	-85
B4	=J3 + A2
C4	486
D4	=I3 + H2
E4	17
F4	-359
G4	403
H4	35
I4	=B3 * H2
J4	449
A5	=MIN(C1:C4)
B5	-400
C5	=I4 * A3
D5	226
E5	-309
F5	26
G5	-77
H5	-500
I5	-237
J5	=C4 / E3
A6	-132
B6	=E5 * F4
C6	=I5 + A4
D6	=H5 * E4
E6	369
F6	245
G6	-391
H6	39
I6	-428
J6	315
A7	398
B7	-150
C7	=C6 - I5
D7	=A6 / I5
E7	435
F7	-295
G7	98
H7	-224
I7	=A6 % F5
J7	=I6 % F5
A8	-387
B8	=C7 - G6
C8	=COUNT(C4:C7)
D8	-355
E8	7
F8	-12
G8	=D7 / E6
H8	=A7 / I6
I8	70
J8	-352
A9	-463
B9	=B8 / J7
C9	137
D9	-134
E9	=E8 % D7
F9	=J8 - C7
G9	-40
H9	=H8 + H7
I9	444
J9	-184
A10	=SUM(H6:H9)
B10	292
C10	=E9 - F8
D10	-480
E10	269
F10	=A9 * C8
G10	=C9 / E8
H10	-49
I10	-435
J10	=G9 - B8
A11	414
B11	-342
C11	=D10 / E9
D11	225
E11	-127
F11	-411
G11	=MAX(J5:J10)
H11	-55
I11	=J10 - F9
J11	-157
A12	-488
B12	=B11 - I10
C12	397
D12	=COUNT(H6:H11)
E12	=G11 / H10
F12	=MAX(C7:C11)
G12	=SUM(H9:H11)
H12	140
I12	-322
J12	=E11 - G10
A13	-121
B13	232
C13	=E12 - A11
D13	379
E13	-69
F13	=H12 * F11
G13	=D12 / J11
H13	335
I13	-297
J13	-482
A14	=E13 % H12
B14	=COUNT(A11:A13)
C14	=H13 / G12
D14	258
E14	-153
F14	=MIN(B8:B13)
G14	-136
H14	=D13 % G12
I14	=A13 + D12
J14	115
A15	=COUNT(H10:H14)
B15	-36
C15	=D14 * H13
D15	-352
E15	=H14 % C13
F15	-470
G15	-397
H15	-444
I15	105
J15	=COUNT(E11:E14)
A16	=G15 % G14
B16	=H15 + C14
C16	73
D16	477
E16	=G15 + G14
F16	187
G16	=B15 - J14
H16	=G15 * C14
I16	368
J16	=MAX(H11:H15)
A17	=G16 - F15
B17	=COUNT(D15:D16)
C17	-256
D17	=F16 * A15
E17	444
F17	=A16 - J15
G17	302
H17	=A16 % J15
I17	=D16 + B15
J17	=G16 / G15
A18	=H17 + G16
B18	=F17 / H16
C18	=J17 + A16
D18	-452
E18	-443
F18	=SUM(E15:E17)
G18	-358
H18	=C17 / H16
I18	=A17 - D16
J18	=E17 / I16
A19	=SUM(D13:D18)
B19	-69
C19	=E18 - I17
D19	=A18 % E17
E19	-368
F19	435
G19	395
H19	-432
I19	=I18 / B17
J19	=D18 * F17
A20	=F19 + I18
B20	110
C20	198
D20	-165
E20	-348
F20	-226
G20	272
H20	-328
I20	213
J20	=G19 / F18
A21	157
B21	370
C21	489
D21	=J20 - I19
E21	=G20 + I19
F21	=I20 + B19
G21	=A20 % E19
H21	=F20 / I19
I21	461
J21	-385
A22	=I21 % C20
B22	=I21 % I20
C22	204
D22	433
E22	24
F22	=J21 / J20
G22	416
H22	-275
I22	-131
J22	-358
A23	=SUM(D19:D22)
B23	496
C23	481
D23	148
E23	=MIN(F18:F22)
F23	=J22 % I21
G23	=SUM(J17:J22)
H23	448
I23	=MIN(H19:H22)
J23	-124
A24	=H23 % E22
B24	352
C24	-355
D24	=F23 % I22
E24	0
F24	=D23 + A22
G24	=J23 - I22
H24	=SUM(D19:D23)
I24	397
J24	384
A25	-423
B25	=D24 + D23
C25	-238
D25	-481
E25	258
F25	-414
G25	=E24 / D23
H25	=H24 * G23
I25	425
J25	-241
A26	-300
B26	=H25 - E24
C26	-367
D26	416
E26	=J25 / A24
F26	-179
G26	-390
H26	=D25 / J24
I26	322
J26	-498
A27	=J26 / G25
B27	290
C27	=H26 / A25
D27	=H26 + A25
E27	=MAX(C23:C26)
F27	=MIN(E24:E26)
G27	=B26 - A25
H27	=B26 + H25
I27	405
J27	218
A28	24
B28	-145
C28	-72
D28	423
E28	=SUM(D26:D27)
F28	=J27 % A26
G28	12
H28	348
I28	367
J28	408
A29	-422
B29	434
C29	=SUM(F24:F28)
D29	=F28 % B27
E29	-162
F29	75
G29	=MAX(F27:F28)
H29	=H28 - J27
I29	=B28 - D27
J29	=MAX(A26:A28)
A30	=COUNT(E24:E29)
B30	-329
C30	=E29 * J28
D30	=MAX(J26:J29)
E30	=C29 % C28
F30	=D29 * A28
G30	=SUM(A27:A29)
H30	=SUM(I26:I29)
I30	-181
J30	=C29 / F28
A31	-481
B31	288
C31	-135
D31	=H30 - C29
E31	389
F31	=F30 - E29
G31	=E30 % C29
H31	-361
I31	-423
J31	130
A32	=A31 * F30
B32	=MAX(E28:E31)
C32	=SUM(D30:D31)
D32	=H31 % G30
E32	21
F32	=D31 - B30
G32	=COUNT(E26:E31)
H32	=E31 * F30
I32	=MAX(D26:D31)
J32	272
A33	=D32 * J31
B33	-491
C33	-46
D33	-194
E33	453
F33	=D32 + G31
G33	454
H33	466
I33	=C32 % B31
J33	478
A34	136
B34	=E33 / F32
C34	137
D34	-490
E34	387
F34	=D33 + J32
G34	=J33 - F32
H34	=COUNT(G28:G33)
I34	277
J34	-36
A35	376
B35	=E34 + H33
C35	-128
D35	50
E35	=COUNT(D30:D34)
F35	224
G35	=F34 / F33
H35	-136
I35	=MIN(G31:G34)
J35	317
A36	=MAX(D32:D35)
B36	277
C36	-462
D36	=J35 % D34
E36	-22
F36	-214
G36	-464
H36	-53
I36	=C35 * B34
J36	=COUNT(A34:A35)
A37	-92
B37	=C36 / I35
C37	=H36 % J35
D37	-38
E37	=COUNT(A35:A36)
F37	181
G37	=J36 % D35
H37	=H36 - I35
I37	315
J37	480
A38	49
B38	63
C38	-169
D38	-141
E38	=D37 * A36
F38	-367
G38	46
H38	262
I38	=I37 % H36
J38	=G37 / C36
A39	=J38 * E37
B39	-229
C39	-292
D39	=D38 % H37
E39	=I38 - E37
F39	-35
G39	-333
H39	=B38 + I37
I39	464
J39	-82
A40	-42
B40	-429
C40	=E39 % H38
D40	-210
E40	221
F40	=J39 * C38
G40	-248
H40	-490
I40	-82
J40	=H39 % J38
A41	=G40 - B39
B41	-64
C41	334
D41	=SUM(A39:A40)
E41	=B40 / C39
F41	=C40 % H39
G41	=C40 % A39
H41	=H40 + F39
I41	-30
J41	-10
A42	=C41 * J40
B42	=H41 % I40
C42	-345
D42	-351
E42	91
F42	=B41 / H40
G42	=I41 + B40
H42	=A41 % B40
I42	=COUNT(E36:E41)
J42	=E41 / I40
A43	266
B43	-414
C43	=E42 - F41
D43	=MIN(H38:H42)
E43	=D42 / E41
F43	=I42 * C41
G43	-312
H43	=D42 % I41
I43	=A42 / B41
J43	=E42 - F41
A44	302
B44	=MIN(G41:G43)
C44	=G43 / E42
D44	386
E44	=B43 * D42
F44	=J43 / H42
G44	369
H44	=COUNT(D40:D43)
I44	-287
J44	=G43 * B42
A45	143
B45	41
C45	=C44 + B43
D45	-133
E45	204
F45	205
G45	220
H45	-39
I45	=D44 + I43
J45	249
A46	-361
B46	-473
C46	-466
D46	=MIN(D42:D45)
E46	-392
F46	=B45 % I44
G46	499
H46	100
I46	=H45 / D44
J46	-56
A47	=C46 - F45
B47	=H46 + C45
C47	=COUNT(B41:B46)
D47	=A46 * A45
E47	8
F47	=A46 - C45
G47	=COUNT(G42:G46)
H47	=E46 * C45
I47	120
J47	392
A48	=A47 * H46
B48	140
C48	=I47 + A46
D48	440
E48	=E47 + J46
F48	33
G48	-459
H48	=I47 * E46
I48	=MIN(E45:E47)
J48	=J47 % F46
A49	443
B49	=B48 + E47
C49	255
D49	112
E49	180
F49	=H48 / A47
G49	373
H49	196
I49	405
J49	76
A50	=A49 * C48
B50	=B49 % F48
C50	=H49 % B48
D50	=H49 / C48
E50	=I49 * B48
F50	-96
G50	-4
H50	=MAX(F45:F49)
I50	298
J50	=A49 / H48
A51	381
B51	236
C51	=F50 * I49
D51	=I50 - A49
E51	99
F51	-371
G51	=C50 * D49
H51	164
I51	=F50 - H49
J51	=J50 - A49
A52	=F51 / H50
B52	=H51 / E50
C52	129
D52	=MAX(D50:D51)
E52	=D51 - G50
F52	=B51 - F50
G52	-254
H52	-447
I52	=B51 / F50
J52	49
A53	-435
B53	=SUM(C50:C52)
C53	=J52 - G51
D53	=D52 + I51
E53	-74
F53	=MAX(F47:F52)
G53	=J52 + D51
H53	-69
I53	=C52 % D51
J53	=COUNT(G48:G52)
A54	=F53 % E52
B54	=I53 - I52
C54	=COUNT(C52:C53)
D54	=COUNT(A51:A53)
E54	230
F54	82
G54	=SUM(D51:D53)
H54	-76
I54	=H53 - G52
J54	-476
A55	11
B55	=H54 / F53
C55	=B54 * E53
D55	393
E55	265
F55	-304
G55	-336
H55	367
I55	=C54 / G53
J55	-21
A56	=C55 % E54
B56	-298
C56	=J55 % E54
D56	-242
E56	=G55 * A54
F56	=C55 - J54
G56	203
H56	110
I56	-305
J56	=D55 % I54
A57	-123
B57	=A56 - J55
C57	47
D57	=COUNT(C55:C56)
E57	-444
F57	=J56 + E55
G57	329
H57	=COUNT(D53:D56)
I57	=F56 * G55
J57	=MIN(E54:E56)
A58	224
B58	276
C58	-277
D58	=J57 - H56
E58	253
F58	181
G58	=B57 / C56
H58	-316
I58	68
J58	99
A59	87
B59	289
C59	191
D59	8
E59	=H58 * F57
F59	=D58 + A57
G59	215
H59	=B58 + D57
I59	28
J59	339
A60	=J59 + I58
B60	471
C60	-249
D60	=J59 * A58
E60	=D59 / G58
F60	-179
G60	=E59 - I58
H60	=G59 / H58
I60	-447
J60	=MAX(D55:D59)
A61	-413
B61	275
C61	33
D61	=F60 % C59
E61	=H60 / A59
F61	-416
G61	=H60 * J59
H61	=H60 / D59
I61	270
J61	=E60 % J59
A62	-176
B62	=J61 + H60
C62	=E61 % C60
D62	-131
E62	=G61 / A60
F62	474
G62	9
H62	=B61 - E60
I62	114
J62	-191
A63	=C62 * A61
B63	=MAX(E57:E62)
C63	236
D63	=MIN(I59:I62)
E63	=COUNT(C59:C62)
F63	183
G63	=SUM(H60:H62)
H63	=D62 * G61
I63	=C62 * G61
J63	=E62 / A61
A64	=B63 + G62
B64	14
C64	427
D64	340
E64	-443
F64	=MAX(H62:H63)
G64	-249
H64	-208
I64	-469
J64	-374
A65	=A64 - H63
B65	=SUM(J60:J64)
C65	-457
D65	48
E65	397
F65	=SUM(J60:J64)
G65	0
H65	=MAX(I61:I64)
I65	=D64 % J63
J65	377
A66	-20
B66	=G65 - J64
C66	166
D66	=B65 % E64
E66	=G65 * F64
F66	=COUNT(B61:B65)
G66	22
H66	=E65 % A64
I66	=B65 * B64
J66	272
A67	-30
B67	-36
C67	113
D67	=J66 * I65
E67	=D66 * F65
F67	-415
G67	=H66 * D65
H67	=MIN(I62:I66)
I67	-412
J67	=MAX(A63:A66)
A68	=B67 / B66
B68	253
C68	=H67 + E66
D68	=E67 - G66
E68	=D67 % H66
F68	-161
G68	=I67 % D66
H68	473
I68	=B67 / A66
J68	=J67 % E66
A69	-236
B69	-7
C69	=C68 - D67
D69	162
E69	-451
F69	=COUNT(I64:I68)
G69	169
H69	=F68 / C67
I69	=I68 * J67
J69	-341
A70	=SUM(E64:E69)
B70	-26
C70	-491
D70	-444
E70	=F69 * E68
F70	-9
G70	=MAX(A64:A69)
H70	=C69 * J68
I70	=H69 % D68
J70	295
A71	=J70 - E69
B71	362
C71	165
D71	-74
E71	=A70 * F69
F71	-319
G71	=H70 + C69
H71	=F70 + I69
I71	-380
J71	=G70 / F69
A72	188
B72	-345
C72	207
D72	335
E72	495
F72	-361
G72	=G71 / H70
H72	-319
I72	149
J72	=MIN(F70:F71)
A73	303
B73	294
C73	=MIN(I70:I72)
D73	310
E73	-449
F73	=I72 / D71
G73	=COUNT(F70:F72)
H73	=C72 * J71
I73	=B72 % C71
J73	=COUNT(F71:F72)
A74	-352
B74	=C73 % E72
C74	=E73 - B72
D74	30
E74	-308
F74	362
G74	=MAX(C71:C73)
H74	=H73 / D72
I74	=COUNT(A70:A73)
J74	=J73 + H72
A75	-438
B75	-246
C75	-32
D75	=F74 / B73
E75	=MAX(D71:D74)
F75	=D74 - C73
G75	-323
H75	273
I75	-138
J75	-77
A76	=C75 + E74
B76	-326
C76	=MIN(G73:G75)
D76	360
E76	=H75 / J74
F76	212
G76	=D75 / A74
H76	-225
I76	=J75 / H74
J76	-481
A77	=E76 / B75
B77	-360
C77	320
D77	-195
E77	=E76 / F75
F77	=I76 + H75
G77	-311
H77	497
I77	=MAX(F73:F76)
J77	33
A78	=B77 - H76
B78	=D77 * A76
C78	=MAX(F74:F77)
D78	-488
E78	382
F78	1
G78	=H77 + I76
H78	-27
I78	275
J78	-495
A79	=F78 * A77
B79	-416
C79	=H78 * G77
D79	160
E79	-193
F79	-79
G79	387
H79	-345
I79	200
J79	=C78 / E77
A80	420
B80	-314
C80	=G79 * I78
D80	=G79 * H78
E80	=I79 + I78
F80	401
G80	=I79 * F78
H80	-281
I80	10
J80	=F79 + J78
A81	103
B81	-470
C81	=J80 % F79
D81	=SUM(B75:B80)
E81	343
F81	-315
G81	-329
H81	-420
I81	=A80 - D79
J81	-137
A82	=B81 - C80
B82	-57
C82	=J81 % A80
D82	-348
E82	-48
F82	=SUM(E78:E81)
G82	=D81 % B80
H82	=I81 + G80
I82	-185
J82	429
A83	266
B83	-189
C83	44
D83	=J82 / G81
E83	=J82 % J81
F83	=F82 * C81
G83	126
H83	-121
I83	-67
J83	363
A84	=MIN(E80:E83)
B84	402
C84	416
D84	=H83 - D82
E84	=F83 / I82
F84	=J83 - I82
G84	452
H84	183
I84	170
J84	-47
A85	-402
B85	-418
C85	-10
D85	-230
E85	362
F85	100
G85	=I84 * F83
H85	=MAX(F81:F84)
I85	132
J85	=F84 + G83
A86	263
B86	=H85 % B84
C86	7
D86	=SUM(J81:J85)
E86	=C85 * I84
F86	=H85 % A84
G86	148
H86	=C85 % C84
I86	-463
J86	452
A87	273
B87	=J86 / B85
C87	=B86 + H85
D87	-416
E87	=I86 - A85
F87	345
G87	=H86 + I85
H87	130
I87	207
J87	=G86 / J85
A88	346
B88	424
C88	-151
D88	-141
E88	-61
F88	=C87 / D86
G88	200
H88	-220
I88	420
J88	=COUNT(D85:D87)
A89	=MAX(G87:G88)
B89	-468
C89	204
D89	-130
E89	=B88 - G87
F89	-61
G89	=H88 - G87
H89	=MIN(G87:G88)
I89	1
J89	-470
A90	=A89 - F88
B90	=D89 - E88
C90	=J89 - H88
D90	=C89 / J88
E90	-120
F90	2
G90	177
H90	159
I90	=H89 * F88
J90	-473
A91	=F90 % F89
B91	=B90 % H89
C91	=F90 * I89
D91	-392
E91	48
F91	-369
G91	=SUM(D87:D90)
H91	70
I91	=B90 % I89
J91	=MIN(F87:F90)
A92	=MAX(I87:I91)
B92	=C91 * G90
C92	356
D92	227
E92	281
F92	=MIN(G89:G91)
G92	=B91 * E90
H92	=MIN(I88:I91)
I92	-236
J92	-494
A93	=I92 % A91
B93	-4
C93	402
D93	-195
E93	-76
F93	=H92 + I91
G93	=G92 * I91
H93	=I92 / C91
I93	-365
J93	-397
A94	=E93 * C92
B94	=MIN(A90:A93)
C94	-159
D94	-22
E94	=B93 - D92
F94	=H93 + B92
G94	=J93 % J92
H94	-265
I94	-44
J94	=MIN(H90:H93)
A95	=E94 * J93
B95	-448
C95	=J94 + D93
D95	=MIN(H92:H94)
E95	-259
F95	-307
G95	=C94 / J93
H95	=D94 / E93
I95	=A94 + J93
J95	=COUNT(F91:F94)
A96	498
B96	=C95 / J94
C96	=A95 % E94
D96	=I95 / A94
E96	=E95 + G94
F96	-430
G96	78
H96	-366
I96	55
J96	=MAX(E91:E95)
A97	344
B97	=MIN(J91:J96)
C97	-294
D97	=B96 + A95
E97	492
F97	-274
G97	=D96 + D95
H97	=D96 / G95
I97	-209
J97	-20
A98	66
B98	=B97 % I96
C98	=SUM(C96:C97)
D98	=H97 / J96
E98	=F97 % H96
F98	235
G98	316
H98	-322
I98	=F97 - E96
J98	=B97 * A96
A99	=F98 * C97
B99	-49
C99	=E98 - G97
D99	=G98 + I97
E99	=MAX(I96:I98)
F99	=C98 % D97
G99	=C98 * J97
H99	-286
I99	=COUNT(J97:J98)
J99	=I98 / I97
A100	=A99 - A98
B100	160
C100	-340
D100	-466
E100	=H99 % C98
F100	-204
G100	-233
H100	244
I100	310
J100	=MAX(A95:A99)
A101	=F100 + A99
B101	-446
C101	=B100 / I99
D101	=COUNT(A96:A100)
E101	48
F101	-491
G101	=G100 * E99
H101	=H100 / D99
I101	-70
J101	-170
A102	=J101 % B100
B102	-405
C102	=MAX(I97:I101)
D102	=MAX(D99:D101)
E102	=J101 - H100
F102	75
G102	170
H102	172
I102	-318
J102	=E101 - F100
A103	=H102 * F101
B103	=C102 + B101
C103	226
D103	=A102 - F101
E103	=H102 + F101
F103	=B102 - E101
G103	=B102 * J101
H103	=I102 - A101
I103	-303
J103	=A102 % C101
A104	=MIN(J102:J103)
B104	282
C104	144
D104	-228
E104	=C103 - C102
F104	323
G104	-272
H104	=A103 % D102
I104	=H103 % E102
J104	-37
A105	=D104 % J103
B105	=COUNT(B103:B104)
C105	=MIN(I101:I104)
D105	=J104 % B103
E105	-316
F105	-365
G105	367
H105	=G104 / I103
I105	372
J105	-173
A106	=E105 / G104
B106	=F105 - F104
C106	=D105 - B104
D106	=B105 - F104
E106	493
F106	0
G106	-69
H106	=B105 + A104
I106	=J105 - I104
J106	483
A107	=I106 / E105
B107	=G106 + J105
C107	=F106 % B105
D107	-351
E107	407
F107	279
G107	=E106 * I105
H107	-213
I107	-334
J107	=C106 * G105
A108	=D107 - C106
B108	8
C108	-78
D108	-20
E108	-53
F108	=J107 / G106
G108	=MIN(E105:E107)
H108	127
I108	=MAX(H104:H107)
J108	-84
A109	=MIN(I105:I108)
B109	=G108 * E107
C109	-428
D109	-264
E109	-409
F109	-145
G109	-84
H109	-284
I109	=E108 / G107
J109	-57
A110	452
B110	=I109 + G108
C110	93
D110	=E109 + E108
E110	65
F110	294
G110	=B109 + G108
H110	=COUNT(C105:C109)
I110	-433
J110	=I109 + A108
A111	-20
B111	372
C111	=H110 % H109
D111	445
E111	-355
F111	6
G111	282
H111	233
I111	-295
J111	191
A112	-171
B112	78
C112	-53
D112	-234
E112	323
F112	-430
G112	=E111 - G110
H112	81
I112	=D111 / D110
J112	-60
A113	=J112 - E111
B113	418
C113	=J112 / D111
D113	-191
E113	=H112 * J111
F113	345
G113	-315
H113	=J112 % E111
I113	-108
J113	=E112 * E111
A114	-447
B114	=H113 - E112
C114	252
D114	=F113 * I112
E114	=MAX(I110:I113)
F114	230
G114	=SUM(A112:A113)
H114	-64
I114	200
J114	-429
A115	=E114 - F113
B115	357
C115	-208
D115	245
E115	-396
F115	=E114 - I113
G115	=E114 * G113
H115	-321
I115	105
J115	=I114 + J113
A116	285
B116	=I115 / C114
C116	=D115 % I114
D116	50
E116	265
F116	=J115 - C114
G116	167
H116	=A115 % I114
I116	=MAX(H112:H115)
J116	=SUM(J111:J115)
A117	301
B117	=SUM(J113:J116)
C117	-6
D117	455
E117	264
F117	=G116 % H115
G117	241
H117	474
I117	=MAX(J111:J116)
J117	109
A118	=I117 / B116
B118	-200
C118	=I117 / F116
D118	-9
E118	116
F118	=MAX(A112:A117)
G118	236
H118	=H117 - B116
I118	=COUNT(I116:I117)
J118	=C117 + A116
A119	5
B119	404
C119	287
D119	190
E119	-113
F119	=A118 / A117
G119	-268
H119	=J118 / B117
I119	-119
J119	-139
A120	=H119 / I118
B120	-206
C120	-400
D120	51
E120	=J119 / C118
F120	269
G120	=A119 / A118
H120	=COUNT(J116:J119)
I120	-295
J120	-240
A121	206
B121	-399
C121	=H120 / F119
D121	-265
E121	238
F121	-425
G121	6
H121	=SUM(F115:F120)
I121	=COUNT(A117:A120)
J121	-59
A122	-96
B122	=MIN(J118:J121)
C122	=A121 + I120
D122	=E121 % B120
E122	=I121 * J120
F122	222
G122	=B121 * F120
H122	355
I122	=F121 * C120
J122	26
A123	-482
B123	=SUM(D118:D122)
C123	=F122 / G121
D123	-56
E123	35
F123	-475
G123	=B122 + I121
H123	346
I123	=H122 % B121
J123	445
A124	=COUNT(I120:I123)
B124	=SUM(C118:C123)
C124	=MIN(B119:B123)
D124	-240
E124	-472
F124	392
G124	207
H124	-402
I124	=J123 / C122
J124	-321
A125	-420
B125	=A124 - H123
C125	=MAX(A119:A124)
D125	=C124 * I123
E125	=C124 % D123
F125	-500
G125	=I124 / H123
H125	=B124 / G123
I125	-375
J125	-327
A126	=MIN(G122:G125)
B126	271
C126	56
D126	446
E126	-485
F126	229
G126	=B125 / B124
H126	=COUNT(F123:F125)
I126	=I125 * J124
J126	389
A127	-417
B127	-423
C127	424
D127	=MIN(B122:B126)
E127	=D126 * H125
F127	-6
G127	-246
H127	-397
I127	-263
J127	-220
A128	=I127 * H126
B128	-114
C128	-307
D128	=A127 - F126
E128	=MAX(F126:F127)
F128	383
G128	=C127 / J126
H128	=B127 + H126
I128	=G127 % B126
J128	302
A129	-135
B129	-316
C129	-151
D129	-373
E129	=B128 * B127
F129	=MIN(C126:C128)
G129	=SUM(A126:A128)
H129	-240
I129	-119
J129	-183
A130	303
B130	=J129 * B128
C130	=F129 / G128
D130	275
E130	334
F130	=B129 + F128
G130	181
H130	-435
I130	=F129 + H128
J130	-237
A131	139
B131	-88
C131	171
D131	149
E131	=G130 - F129
F131	496
G131	-303
H131	=J130 * I129
I131	-232
J131	-94
A132	-147
B132	=G131 - D130
C132	17
D132	=B131 + B130
E132	197
F132	390
G132	-439
H132	125
I132	348
J132	-156
A133	-394
B133	=MIN(B128:B132)
C133	-311
D133	-201
E133	-225
F133	=H132 / A131
G133	96
H133	=C132 % F131
I133	-221
J133	=C132 / D131
A134	=J133 / D132
B134	-45
C134	=F133 % A132
D134	-421
E134	=G133 / I132
F134	=C133 - A132
G134	-138
H134	-25
I134	=J133 * I132
J134	149
A135	=MIN(G133:G134)
B135	199
C135	139
D135	-184
E135	-207
F135	=COUNT(A132:A134)
G135	-34
H135	-437
I135	=J134 % A133
J135	325
A136	=E135 * C134
B136	216
C136	=D135 + G134
D136	=F135 % I134
E136	205
F136	-487
G136	-104
H136	=G135 + B134
I136	-132
J136	-151
A137	=MAX(A134:A136)
B137	28
C137	-314
D137	-116
E137	=J136 / D135
F137	455
G137	-120
H137	=H136 / F135
I137	229
J137	=G136 - I135
A138	-245
B138	=E137 / E136
C138	-215
D138	-42
E138	276
F138	=B137 * J136
G138	102
H138	=A137 / G136
I138	130
J138	=F137 / D136
A139	146
B139	-157
C139	-63
D139	=G138 % H137
E139	-479
F139	=B138 + I137
G139	=MIN(F133:F138)
H139	495
I139	475
J139	-380
A140	-40
B140	421
C140	-444
D140	-301
E140	=COUNT(E134:E139)
F140	=C139 % E138
G140	-406
H140	447
I140	393
J140	=MIN(A136:A139)
A141	417
B141	=B140 * G139
C141	=F140 * F139
D141	-137
E141	-492
F141	416
G141	448
H141	367
I141	95
J141	366
A142	=C141 - J140
B142	=D141 / C140
C142	=A141 + J140
D142	-393
E142	-241
F142	74
G142	455
H142	=MIN(E138:E141)
I142	316
J142	=MAX(C136:C141)
A143	58
B143	=G142 * G141
C143	=I142 - H141
D143	=J142 * I141
E143	98
F143	=E142 + C141
G143	=I142 / H141
H143	=E142 / J141
I143	=MAX(D138:D142)
J143	412
A144	-202
B144	=D143 % A142
C144	78
D144	=COUNT(I139:I143)
E144	173
F144	-333
G144	=H143 / J142
H144	-35
I144	=MAX(D138:D143)
J144	=COUNT(C140:C143)
A145	-176
B145	474
C145	=COUNT(J140:J144)
D145	=SUM(F141:F144)
E145	256
F145	-86
G145	-98
H145	=MIN(E142:E144)
I145	=B144 * J143
J145	=F144 / H143
A146	221
B146	153
C146	-162
D146	=F145 - D144
E146	=F145 / D144
F146	=C145 % D144
G146	=COUNT(H142:H145)
H146	=J145 + H144
I146	=E145 - E144
J146	19
A147	304
B147	=SUM(A141:A146)
C147	=E146 * I145
D147	=F146 % J145
E147	320
F147	459
G147	97
H147	=SUM(F145:F146)
I147	=I146 / F145
J147	=I146 * D145
A148	=H147 + D146
B148	308
C148	=G147 + I146
D148	=MIN(I144:I147)
E148	=MAX(D145:D147)
F148	-138
G148	-285
H148	-386
I148	=SUM(F143:F147)
J148	64
A149	-442
B149	=C148 * J147
C149	53
D149	-179
E149	=A148 % C147
F149	212
G149	-305
H149	=A148 * G147
I149	104
J149	=B148 % E147
A150	-444
B150	=H149 % B148
C150	=COUNT(F146:F149)
D150	-179
E150	268
F150	121
G150	-286
H150	-410
I150	484
J150	=J149 * C148
K1	=K2 + 1
K2	=K3 + 1
K3	=K1 + 1
K4	=K1 - K2
K5	=IF(1, 33, K1)
K6	=IF(A1 - A1, K1, 44)
K7	=M9 + 1
K8	=SUM(K1:K3)
K9	=COUNT(K1:K8)
