id	name	email
1	Håkon Takahashi	hakon.takahashi@mail.test
2	Søren Pérez	sren.perez@mail.test
3	Björn Zañartu	bjorn.zanartu@corp.example
4	uLRIKE jÖNSSON	ulrike.​jonsson@ops.example
5	René Straße	rene.​strae@corp.example
6	José Østergård	jose.stergard@ops.example
7	René Vargas	rene.vargas@mail.test
8	Løve Straße	lve.strae@corp.example
9	Björn Takahashi	bj.orn.takahash.i@mailbox.example
10	Løve Nová‍k	lve.novak@ｃｏｒｐ．ｅｘａｍｐｌｅ
11	Iris Andersen	iris.andersen@ｍａｉｌｂｏｘ．ｅｘａｍｐｌｅ
12	Yusuf Ramírez	yusuf.ramirez@mail.test
13	Løve Vargas	lve.vargas@ops.example
14	lØVE gARCÍA	lve.garcia@ops.example
15	Løve Straße	lve.strae@mailbox.example
16	Émile Müller	emile.muller@corp.example
17	  Ólafur   Ibáñez 	olafur​.ibanez@mail.test
18	José Jönsson	jose.jonsson@mail.test
19	René Takahashi	rene.takahashi@corp.example
20	Petra Ramírez	petra.ramirez@ops.example
21	Søren Castañeda	sren.castaneda@mailbox.example
22	Løve　Müller	lve.muller@mail.test
23	Kübra Fischer	kubra.fischer@corp.example
24	Quinn Jönsson	quinn.jonsson@mail.test
25	uLRIKE pÉREZ	ulrike.perez@mailbox.example
26	François Straße	francois.strae@ops.example
27	Björn Vargas	bjorn.vargas@ops.example
28	  Kübra   Andersen 	kubra.andersen@ｏｐｓ．ｅｘａｍｐｌｅ
29	Chloé Andersen	chloe.andersen@ops.example
30	Đorđe Pérez	ore.perez@ops.example
31	éMILE eRIKSSON	EMILE.ERIKSSON@CORP.EXAMPLE
32	Kübra López	kubra.lopez@mailbox.example
33	ZOË ZAÑARTU	ZOE.ZANARTU@CORP.EXAMPLE
34	BJÖRN BERGSTRÖM	bjorn.bergstrom@ops.example
35	jOSÉ nUÑEZ	jose.nunez@mail.test
36	José Vargas	jose.vargas@corp.example
37	  Wei   Bergström 	WEI.BERGSTROM@MAILBOX.EXAMPLE
38	María Müller	maria.muller@ops.example
39	ÉMILE KOVAČIĆ	emile.kovacic@mail.test
40	Ulrike Takahashi	ulrike.takahashi@mailbox.example
41	Émile Ｉｂáñｅｚ	emile.ibanez@mail.test
42	Løve Jönsson	lve.j​onsson@mail.test
43	nUÑO rAMÍREZ	nuno.ramirez@mail.test
44	Đorđe Andersen	ore.andersen@ops.example
45	Wei Fｉｓｃｈｅｒ	wei.fischer@ｍａｉｌｂｏｘ．ｅｘａｍｐｌｅ
46	xÓCHITL jÖNSSON	xochitl.jonsson@ｍａｉｌｂｏｘ．ｅｘａｍｐｌｅ
47	José Weiß	jose.wei@ops.example
48	Tomáš Castañeda	tomas.castaneda@mail.test
49	Iris Kovačić	iris.k​ovacic@ops.example
50	Wei Ólafsdóttir	wei.olafsdottir@mailbox.example
51	Kübra Fischer	kubra.fischer@mailbox.example
52	José Eriksson	JOSE.ERIKSSON@MAILBOX.EXAMPLE
53	Zoë Dvořák	zoe.dvorak@mailbox.example
54	Věra Bergström	vera.bergstrom@corp.example
55	Zoë　García	ZOE.GARCIA@MAIL.TEST
56	vĚRA iBÁÑEZ	VERA.IBANEZ@MAILBOX.EXAMPLE
57	Grüße Eriksson	grue.eriksson@mail.test
58	  María   Fischer 	MARIA.FISCHER@MAILBOX.EXAMPLE
59	tOMÁŠ wEISS	TOMAS.WEI@MAIL.TEST
60	René Dvořák	rene.dvorak@mail.test
61	Grüsse Jönsson	grue.jonsson@corp.example
62	fRANÇOIS pÉREZ	francois.perez@corp.example
63	Zoë Østergård	zoe.stergard@ops.example
64	fRANÇOIS iBÁÑEZ	francois.ibanez@corp.example
65	Ana ‍Kovačić	ana.kovacic@ｍａｉｌｂｏｘ．ｅｘａｍｐｌｅ
66	aNA nOVÁK	ANA.NOVAK@CORP.EXAMPLE
67	Løve López	lve.​lopez@corp.example
68	Søren Andersen	sren.andersen@mail.test
69	  Quinn   Straße 	quinn​.strae@corp.example
70	Petra　Pérez	petra..pe.rez@mailbox.example
71	Ana Weiß	ana.wei@mail.test
72	Søren Zañartu	sren.zanartu@mailbox.example
73	Ana Zａñａｒｔｕ	ana.zanartu@ｍａｉｌｂｏｘ．ｅｘａｍｐｌｅ
74	Tomáš ‍Jönsson	tomas.jonsson@ｍａｉｌｂｏｘ．ｅｘａｍｐｌｅ
75	Iris García	iris.garcia@ops.example
76	éMILE jÖNSSON	emile.jonsson@mailbox.example
77	IRIS DVOŘÁK	IRIS.DVORAK@OPS.EXAMPLE
78	Grüße Takahashi	grue.takahashi@mailbox.example
79	ANA ZAÑARTU	ana.zanartu@mailbox.example
80	Věra Bergström	vera.bergstrom@corp.example
81	Petra Müller	petra.muller@ops.example
82	Grüße Zañartu	grue.zanartu@mail.test
83	Émile Kovačić	EMILE.KOVACIC@MAIL.TEST
84	Ólafur Vargas	olafur.vargas@ｍａｉｌｂｏｘ．ｅｘａｍｐｌｅ
85	Håkon Hernández	hakon.hernandez@ops.example
86	tOMÁŠ lÓPEZ	TOMAS.LOPEZ@MAIL.TEST
87	Zoë Ólafsdóttir	zoe.olafsdottir@ｍａｉｌｂｏｘ．ｅｘａｍｐｌｅ
88	rENÉ nOVÁK	rene.novak@corp.example
89	JOSÉ TAKAHASHI	jose.takahashi@mail.test
90	  Quinn   Takahashi 	QUINN.TAKAHASHI@MAIL.TEST
91	Ana Kovačić	ana.kovacic@mailbox.example
92	René Straße	rene.strae@mailbox.example
93	Chloé Weiß	chloe.wei@mailbox.example
94	  Tomáš   Straße 	tomas.strae@mail.test
95	Đorđe López	ore.lopez@ops.example
96	nUÑO jÖNSSON	nuno.jonsson@corp.example
97	Émile Jönsson	emile.jonsson@corp.example
98	Zoë Novák	ZOE.NOVAK@CORP.EXAMPLE
99	Ana Straße	ana.strae@mailbox.example
100	óLAFUR aNDERSEN	olafur.andersen@corp.example
101	Nuño Kovačić	nuno.kovacic@mail.test
102	José Bergström	jose.bergstrom@mailbox.example
103	Émile Zañartu	emile.zanartu@ｍａｉｌｂｏｘ．ｅｘａｍｐｌｅ
104	  Björn   Andersen 	bjorn.andersen@ops.example
105	Émile López	emile.lopez@corp.example
106	Iris­ Pérez	iris.perez@ｍａｉｌｂｏｘ．ｅｘａｍｐｌｅ
107	Quinn Fischer	QUINN.FISCHER@MAILBOX.EXAMPLE
108	Håkon López	hakon.lopez@mailbox.example
109	François Hernández	francois.hernandez@mailbox.example
110	  François   Ibáñez 	FRANCOIS.IBANEZ@CORP.EXAMPLE
111	Zoë Weiß	zoe​.wei@corp.example
112	Iris We­iß	IRIS.WEI@MAIL.TEST
113	Grüße Zañartu	grue.zanartu@ops.example
114	Věra　Bergström	vera.bergstrom@corp.example
115	Wei G‍arcía	wei.garcia@mail.test
116	Věra Ólafsdóttir	vera.olafsdottir@ｍａｉｌｂｏｘ．ｅｘａｍｐｌｅ
117	Ólafur Eriksson	olafur.eriksson@mailbox.example
118	tOMÁŠ iBÁÑEZ	tomas.ibanez@ops.example
119	  María   Kovačić 	maria.​kovacic@ops.example
120	Björn Fischer	bjorn..fi.scher@mailbox.example
121	Håkon Takahashi	hakon.takahashi@corp.example
122	Zoë Weiß	zoe.wei@ops.example
123	Chloé Pérez	chloe.perez@mailbox.example
124	Håkon Kovačić	hakon.kovacic@corp.example
125	BJÖRN JÖNSSON	bjorn.jonsson@mail.test
126	TOMÁŠ ZAÑARTU	tomas.​zanartu@mailbox.example
127	Ólafur Ramírez	olafur.ramirez@mail.test
128	Grüße Hernández	grue.hernandez@mailbox.example
129	WEI ÓLAFSDÓTTIR	wei.olafsdottir@corp.example
130	Håkon Bｅｒｇｓｔｒöｍ	hakon.b​ergstrom@mailbox.example
131	ANA DVOŘÁK	ana.dvorak@ops.example
132	Ana Takahashi	ana.takahashi@ops.example
133	Nuño Takahashi	nuno.takahashi@ｃｏｒｐ．ｅｘａｍｐｌｅ
134	Løve Jönsson	lve.j​onsson@mail.test
135	Xóchitl Hernández	xochitl.hernandez@mail.test
136	Ana Castañeda	ana.castaneda@ops.example
137	Quinn Straße	quinn.strae@corp.example
138	María Fischer	maria.fischer@mail.test
139	María Ramírez	MARIA.RAMIREZ@MAILBOX.EXAMPLE
140	  Ólafur   Weiß 	olafur.wei+news@mailbox.example
141	iRIS gARCÍA	iris.garcia@mail.test
142	  Iris   Weiß 	iris​.wei@mail.test
143	Zoë Ólafsdóttir	zoe.olafsdottir+news@mailbox.example
144	Zoë López	zoe.lopez@mailbox.example
145	aNA zAÑARTU	ana.zanartu@mail.test
146	Grüsse Zañartu	g.rue.zana.rtu@mailbox.example
147	Ólafur Ramírez	olafur.ramirez@ops.example
148	CHLOÉ JÖNSSON	chloe.jonsson@mailbox.example
149	Nuño Ólafsdóttir	nuno.olafsdottir@mail.test
150	Løve Castañeda	lve.castaneda@corp.example
151	lØVE dVOŘÁK	lve.dvorak@ops.example
152	Nuño Müller	nuno.muller@ops.example
153	BJÖRN ZAÑARTU	bjorn.zanartu@mail.test
154	Tomáš Ólafsdóttir	tomas.olafsdottir@corp.example
155	Wei Fischer	wei.fischer@mailbox.example
156	Søren Straße	sren.strae+news@mailbox.example
157	Grüsse Eriksson	grue.eriksson@mail.test
158	Løve Caｓｔａñｅｄａ	lve.castaneda@corp.example
159	José Takahashi	jose.takahashi@ｍａｉｌ．ｔｅｓｔ
160	René Ramírez	rene.ramirez@ops.example
161	Ulrike Straße	ULRIKE.STRAE@CORP.EXAMPLE
162	Zoë Dvořák	zoe.dvorak@corp.example
163	gRÜSSE zAÑARTU	grue.z​anartu@mail.test
164	Ólafur Müller	olafur.muller@corp.example
165	Håkon Weiß	h.akon.we.i@mailbox.example
166	Tomáš Dvořák	tomas.dvorak@mail.test
167	gRÜSSE zAÑARTU	grue.zanartu@corp.example
168	François Hern​ández	francois.hernandez+x9@mailbox.example
169	Ulrike Jönsson	ulrike.jonsson@ｍａｉｌ．ｔｅｓｔ
170	Xóchitl Straße	xochitl.strae@mailbox.example
171	Björn Takahashi	bjorn.takahashi@ｍａｉｌｂｏｘ．ｅｘａｍｐｌｅ
172	KÜBRA PÉREZ	kubra.perez+news@mailbox.example
173	Björn Fischer	bjorn.​fischer@mailbox.example
174	Xóchitl Novák	xochitl.novak@ops.example
175	Tomáš Bergström	tomas.bergstrom@ops.example
176	  Tomáš   Ibáñez 	TOMAS.IBANEZ@OPS.EXAMPLE
177	Kübra Andersen	kubra.andersen@mail.test
178	Grüße López	grue.lopez@mailbox.example
179	Sø­ren Andersen	sren.andersen@ｍａｉｌｂｏｘ．ｅｘａｍｐｌｅ
180	  Grüße   Jönsson 	grue.jonsson@ｃｏｒｐ．ｅｘａｍｐｌｅ
181	François Andersen	francois.andersen@corp.example
182	Nuño Pérez	nuno.perez@mailbox.example
183	ÉMILE ZAÑARTU	emile.zanartu@corp.example
184	José Hernández	jose.hernandez@corp.example
185	Quinn Novák	quinn.novak@mail.test
186	Søren Novák	sren.novak@mail.test
187	PETRA ANDERSEN	petra.andersen@ops.example
188	  Đorđe   García 	ore.g​arcia@mailbox.example
189	Løve Østergård	lve.stergard@mailbox.example
190	Zoë Gａｒｃíａ	zoe.g​arcia@ops.example
191	fRANÇOIS pÉREZ	francoi​s.perez@corp.example
192	Håkon Cａｓｔａñｅｄａ	HAKON.CASTANEDA@CORP.EXAMPLE
193	Ulrike Takahashi	ulrike.takahashi@mail.test
194	Ulrike ­López	ULRIKE.LOPEZ@MAILBOX.EXAMPLE
195	Quinn Castañeda	quinn.castaneda@ops.example
196	Đorđe Weiß	ore.wei@corp.example
197	Chloé Nuñez	chloe.nunez@corp.example
198	jOSÉ gARCÍA	jose.garcia@mail.test
199	José Dvořák	jose.dvorak@ｃｏｒｐ．ｅｘａｍｐｌｅ
200	RENÉ NOVÁK	RENE.NOVAK@MAILBOX.EXAMPLE
201	  Ólafur   Jönsson 	olafur.jonsson@ｃｏｒｐ．ｅｘａｍｐｌｅ
202	mARÍA eRIKSSON	MARIA.ERIKSSON@MAIL.TEST
203	Kübra Pérez	kubra.perez@mailbox.example
204	Zoë García	zoe.garcia@ops.example
205	Đorđe Vargas	ore.vargas@mail.test
206	Věra Jönsson	vera.jonsson@mailbox.example
207	María Weiß	maria.wei@ops.example
208	Kübra Bergström	kubra.bergstrom@corp.example
209	José Pérez	jose.perez@mail.test
210	Iris Andersen	iris..ander.sen@mailbox.example
211	José Heｒｎáｎｄｅｚ	jose.hernandez@corp.example
212	wEI wEISS	wei​.wei@mail.test
213	zOË lÓPEZ	zoe.lopez@mail.test
214	W‍ei García	WEI.GARCIA@MAIL.TEST
215	  Wei   Dvořák 	WEI.DVORAK@CORP.EXAMPLE
216	Quinn Nuñez	quinn.nunez@ops.example
217	Petra Takahashi	PETRA.TAKAHASHI@MAILBOX.EXAMPLE
218	Đorđe Ibáñez	ore.ibanez@corp.example
219	Grüße López	grue.lopez@ｍａｉｌｂｏｘ．ｅｘａｍｐｌｅ
220	Nuño Hernández	nuno.hernandez@ops.example
221	Yusuf Vargas	yusuf.vargas@mail.test
222	yUSUF vARGAS	yusuf.vargas@corp.example
223	Wei Weiß	wei​.wei@mail.test
224	Grüße López	grue.lopez@mail.test
225	PETRA RAMÍREZ	petra.​ramirez@mail.test
226	Björn Jönsson	bjorn.​jonsson@mailbox.example
227	yUSUF eRIKSSON	yusuf.eriksson@ops.example
228	Håkon Kovačić	hakon.kovacic@corp.example
229	Nuño Garc​ía	nuno.garcia@ops.example
230	Quinn Andersen	quinn.andersen@mail.test
231	Björn Bｅｒｇｓｔｒöｍ	bjorn.b​ergstrom@mailbox.example
232	María Ramí­rez	maria.ramirez@ｍａｉｌｂｏｘ．ｅｘａｍｐｌｅ
233	Chloé Hｅｒｎáｎｄｅｚ	chloe.h​ernandez@mail.test
234	Zoë Dvořák	zoe.d​vorak@mailbox.example
235	An​a Novák	ana.novak@corp.example
236	Quinn Bergstr­öm	quinn.bergstrom@ops.example
237	RENÉ NOVÁK	RENE.NOVAK@MAILBOX.EXAMPLE
238	Løve Pérez	lve.perez@mailbox.example
239	Ana　Bergström	ANA.BERGSTROM@MAIL.TEST
240	Petra Hernández	petra.hernandez@corp.example
241	Émile Ólafsdóttir	emile.olafsdottir@mailbox.example
242	  Ana   Eriksson 	ana.eriksson@mail.test
243	qUINN eRIKSSON	quinn.eriksson@mail.test
244	gRÜSSE vARGAS	grue.vargas@corp.example
245	Håkon Hernández	hakon.hernandez@ops.example
246	Håkon Weiß	hakon.wei@mailbox.example
247	  Søren   Andersen 	SREN.ANDERSEN@MAIL.TEST
248	Věra Østergård	vera.stergard@ops.example
249	KÜBRA RAMÍREZ	kubr.a.ramir.ez@mailbox.example
250	Chloé Dvořák	chloe.dvorak@mail.test
251	Věra Zañartu	vera.zanartu@ops.example
252	Björn Ibáñez	bjorn.ibanez@mail.test
253	Émile Jönsson	emile.jonsson@mail.test
254	Håkon Hernández	hakon.h​ernandez@ops.example
255	Søren Ramírez	sren.ramirez@ops.example
256	qUINN rAMÍREZ	QUINN.RAMIREZ@CORP.EXAMPLE
257	Xóchitl Øｓｔｅｒｇåｒｄ	xochitl.stergard@ｍａｉｌｂｏｘ．ｅｘａｍｐｌｅ
258	  Yusuf   Straße 	yusuf​.strae@corp.example
259	María Fischer	maria.fischer@mailbox.example
260	Quinn Kovačić	quinn.kovacic+x9@mailbox.example
261	XÓCHITL NOVÁK	xochit​l.novak@ops.example
262	Ulrike Bergström	ulrike.bergstrom@mailbox.example
263	Tomáš Andersen	tomas.a​ndersen@mail.test
264	Løve Castañeda	lve.castaneda@corp.example
265	Tomáš Ibáñez	tomas.ibanez@mailbox.example
266	Håkon Østergård	hakon.s​tergard@mail.test
267	Émile Østergård	emile.stergard@corp.example
268	José Nuñez	jose.nunez@ops.example
269	Đorđe Novák	ore.novak@mail.test
270	Ulrike López	ulrike.lopez@mail.test
271	María Ramírez	maria.ramirez@ops.example
272	Björn Eｒｉｋｓｓｏｎ	bjorn.e​riksson@mailbox.example
273	Björn Ｚａñａｒｔｕ	bjorn.zanartu@mail.test
274	SØREN NOVÁK	SREN.NOVAK@MAILBOX.EXAMPLE
275	Zoë Vargas	zoe.vargas@ops.example
276	Ulrike　Kovačić	ulrike.kovacic@mail.test
277	Håkon Müller	hakon.muller@corp.example
278	Chloé Weiß	CHLOE.WEI@MAILBOX.EXAMPLE
279	Björn Bergström	bjorn.bergstrom@mail.test
280	Yusuf López	yusuf.lopez@mailbox.example
281	Věra Pérez	vera.perez@ops.example
282	Émile　Ólafsdóttir	e.mile.ol.afsdottir@mailbox.example
283	Iris Ｗｅｉß	iris.wei@ｃｏｒｐ．ｅｘａｍｐｌｅ
284	Zoë Ｎｕñｅｚ	zoe.nunez@corp.example
285	María Kovačić	maria.kovacic@ops.example
286	Quinn Kovačić	quinn.kovacic@mailbox.example
287	Tomáš Kovačić	TOMAS.KOVACIC@OPS.EXAMPLE
288	Ana　Pérez	ANA.PEREZ@CORP.EXAMPLE
289	José Jönsson	jose.jonsson@mail.test
290	Søren Eriksson	sren.eriksson@mail.test
291	Kübra Novák	kubra.novak@mailbox.example
292	éMILE dVOŘÁK	emil.e.d.vorak@mailbox.example
293	WEI FISCHER	wei.fischer+x9@mailbox.example
294	  Ólafur   Ibáñez 	olafur.ibanez@mail.test
295	Quinn Weiß	quinn.wei@ｃｏｒｐ．ｅｘａｍｐｌｅ
296	Søren Nuñ­ez	sr.e.n.nunez@mailbox.example
297	Iris Weiß	iris.wei@corp.example
298	Björn Straße	bjorn.strae@ops.example
299	  Xóchitl   Nuñez 	xochitl.nunez@ｃｏｒｐ．ｅｘａｍｐｌｅ
300	María Fischer	maria.​fischer@mailbox.example
301	Đorđe Eriksson	ore.eriksson@mail.test
302	Nuño Ｌóｐｅｚ	nuno.lo.pe.z@mailbox.example
303	Xóchitl Pérez	xochitl.perez@ops.example
304	Émile Hernández	emile.hernandez@mailbox.example
305	Løve Jönsson	lve.jonsson@corp.example
306	Tomáš Castañeda	tomas.castaneda@corp.example
307	óLAFUR eRIKSSON	olafur.eriksson@mail.test
308	Quinn Kovačić	quinn.kovacic@mail.test
309	Émile Ibáñez	emile.ibanez@mail.test
310	Věra Jöｎｓｓｏｎ	vera.j​onsson@mailbox.example
311	Ana Weiß	ana.wei@corp.example
312	Émile Hernández	emile.hernandez@corp.example
313	Nuño Vargas	nuno.vargas@corp.example
314	FRANÇOIS BERGSTRÖM	francois.bergstrom@ops.example
315	Nuño Kovačić	nuno.kovacic@corp.example
316	Émile Andersen	emile.andersen@ops.example
317	ĐORĐE JÖNSSON	ore.j​onsson@mailbox.example
318	Quinn Ramírez	quinn.ramirez@corp.example
319	mARÍA øSTERGÅRD	maria.stergard@ｍａｉｌｂｏｘ．ｅｘａｍｐｌｅ
320	Ulrike Bergström	ulrike.bergstrom@corp.example
321	sØREN nOVÁK	sre.n.nova.k@mailbox.example
322	Iris Jönsson	iris.jonsson@ops.example
323	Ólafur Weiß	olafur.wei@ops.example
324	Yusuf Jönsson	yusuf.jonsson@ops.example
325	Chloé Novák	chloe.novak@mailbox.example
326	Quinn Weiß	quinn.wei@ops.example
327	yUSUF sTRASSE	yusuf.strae+news@mailbox.example
328	uLRIKE hERNÁNDEZ	ulrike.hernandez@mail.test
329	Émile Zañartu	EMILE.ZANARTU@MAILBOX.EXAMPLE
330	Tomáš Ramírez	tomas.ramirez@ops.example
331	Petra Weiss	p.e.tra.wei@mailbox.example
332	Iris Jönsson	iris.jonsson@corp.example
333	Đorđe ‍Ramírez	ore.ramirez@corp.example
334	  Đorđe   García 	ore.garcia@ｍａｉｌｂｏｘ．ｅｘａｍｐｌｅ
335	Nuño Jöｎｓｓｏｎ	nuno.jonsson@ｍａｉｌｂｏｘ．ｅｘａｍｐｌｅ
336	Tomáš Ｓｔｒａßｅ	TOMAS.STRAE@MAIL.TEST
337	Xóchit​l Pérez	xochitl.perez@corp.example
338	Yusuf Østergård	yusuf.ste.rga.rd@mailbox.example
339	  Zoë   García 	ZOE.GARCIA@MAIL.TEST
340	Ana Weiss	ana.wei@corp.example
341	François Berg­ström	francois.bergstrom@ops.example
342	Chloé Castañeda	chloe.castaneda@mail.test
343	Zoë Varga​s	zoe.vargas@ops.example
344	Yusuf Hernández	yusuf.hernandez@mailbox.example
345	Søren Nuñez	sren.nunez@mailbox.example
346	Björn Castañeda	bjorn.castaneda@mail.test
347	Iris Ibáñez	iris.ibanez@corp.example
348	Chloé Vargas	chloe.vargas@ops.example
349	Quinn Ｓｔｒａßｅ	quinn.strae@corp.example
350	Håkon Zañartu	hakon.zanartu@mailbox.example
351	Kübra Jönsson	kubra.jonsson@ops.example
352	aNA eRIKSSON	ANA.ERIKSSON@MAIL.TEST
353	FRANÇOIS ANDERSEN	francois.andersen@corp.example
354	  Ana   Zañartu 	ana.zanartu@mail.test
355	Iris Castañeda	iris.castaneda@mail.test
356	Løve Fischer	lve.fischer@mail.test
357	Nuño Straße	nuno.strae@ops.example
358	Tomáš ​Vargas	TOMAS.VARGAS@MAIL.TEST
359	Wei Bergströ­m	wei.bergstrom@ｃｏｒｐ．ｅｘａｍｐｌｅ
360	Xóchitl­ Østergård	xochitl.stergard+spam@mailbox.example
361	María Pérez	maria.perez@mail.test
362	Chloé Zañartu	chloe.zanartu@mailbox.example
363	José Bergström	jose.bergstrom@mailbox.example
364	Ana Weiss	ana.wei@corp.example
365	Håkon Müller	hakon.muller@mailbox.example
366	Quinn Østergård	quinn.stergard@mail.test
367	Iris Zañartu	iris.zanartu@ops.example
368	Émile Ólafsdóttir	emile.olafsdottir@ｃｏｒｐ．ｅｘａｍｐｌｅ
369	René Müller	rene.muller@corp.example
370	Nuño Ibáñez	nuno.ibanez@mailbox.example
371	Nuño Fischer	nuno.fischer@corp.example
372	Ana Fischer	ana.fischer@mail.test
373	Ana Bergström	ana.bergstrom@mail.test
374	Đorđe Jönsson	ore.jonsson@ops.example
375	  Zoë   Dvořák 	zoe.dvorak@corp.example
376	René Ólafsdóttir	rene.olafsdottir@mail.test
377	Xóchitl Østergård	xochitl.stergard@mailbox.example
378	Grüße López	grue.lopez@corp.example
379	María Kovačić	maria.kovacic@ops.example
380	Løve Ramírez	lve.ramirez@mailbox.example
381	Émile Nuñez	EMILE.NUNEZ@OPS.EXAMPLE
382	Émile Eriksson	emile.eriksson@corp.example
383	María Ólafsdóttir	maria.olafsdottir@mail.test
384	Yusuf Straße	yusuf.strae@ｃｏｒｐ．ｅｘａｍｐｌｅ
385	Yusuf Tａｋａｈａｓｈｉ	yusuf.takahashi@ｍａｉｌ．ｔｅｓｔ
386	ÉMILE PÉREZ	emile.perez@ｍａｉｌｂｏｘ．ｅｘａｍｐｌｅ
387	Zoë Ólafsdóttir	zoe.olafsdottir@mailbox.example
388	Émile Dvořák	emile.dvorak@ops.example
389	José Bergström	jose.be​rgstrom@mailbox.example
390	François­ López	franco.is.lope.z@mailbox.example
391	Yusuf Weiß	yusuf.wei@ｍａｉｌｂｏｘ．ｅｘａｍｐｌｅ
392	François Bergström	francois.bergstrom@ops.example
393	jOSÉ jÖNSSON	jose.jonsson@corp.example
394	Håkon Nu­ñez	HAKON.NUNEZ@MAILBOX.EXAMPLE
395	Tomáš Ramírez	tomas.ramirez@mailbox.example
396	Émile Takahashi	emile.takahashi@mail.test
397	Nuño　Andersen	nuno.andersen@mail.test
398	Věra Eriksson	vera.eriksson@mail.test
399	René Eriksson	rene.eriksson@corp.example
400	Nuño Østergård	nuno.stergard@corp.example
401	François Fischer	francois.fischer@mail.test
402	José Østergård	jose.stergard@corp.example
403	Søren Ibáñez	sren.ibanez@mail.test
404	gRÜSSE nOVÁK	grue.novak@ops.example
405	Nuño Jönsson	nuno.jonsson@ops.example
406	Tomáš Ramírez	tomas.ramirez@ｏｐｓ．ｅｘａｍｐｌｅ
407	LØVE RAMÍREZ	lve.ramirez@mailbox.example
408	Ólafur Novák	olafur.novak@mail.test
409	Søren Novák	sren.novak@mail.test
410	Chloé Vargas	chloe.vargas@corp.example
411	Yusuf Andersen	yusuf.andersen@corp.example
412	José López	jose.lopez@corp.example
413	Ulrike Kovačić	ulrike.kovacic@mail.test
414	René Castañeda	rene.castaneda@mailbox.example
415	ANA BERGSTRÖM	ana.bergstrom@mail.test
416	Chloé Weiß	chloe.wei@mailbox.example
417	Věra Ibáñez	vera.​ibanez@mailbox.example
418	Håkon Bergström	hakon.b​ergstrom@mailbox.example
419	Iris Ｎｕñｅｚ	iris.​nunez@mail.test
420	Søren Kovačić	sren.kovacic@mailbox.example
421	Petra Takahashi	petra.t​akahashi@mail.test
422	José Müller	jose.muller@mail.test
423	uLRIKE bERGSTRÖM	ulrike.bergstrom@ｏｐｓ．ｅｘａｍｐｌｅ
424	Émile　Andersen	emile.a​ndersen@mail.test
425	NUÑO VARGAS	nuno.vargas@corp.example
426	Đorđe Nuñez	ore.nunez@mailbox.example
427	Kübra Andersen	kubra.andersen@ops.example
428	gRÜSSE hERNÁNDEZ	grue.hernandez+news@mailbox.example
429	  Løve   López 	lve.lopez@ｍａｉｌｂｏｘ．ｅｘａｍｐｌｅ
430	Ólafur Ólafsdóttir	olafur.olafsdottir@ops.example
431	Zoë Kovačić	zoe.kovacic@mail.test
432	Iris Eriksson	iris.eriksson@ops.example
433	Zoë Hernández	zoe.hernandez@mail.test
434	Ren­é Ólafsdóttir	rene..olafsd.ottir@mailbox.example
435	pETRA dVOŘÁK	petra.dvorak@corp.example
436	jOSÉ gARCÍA	jose.​garcia@mail.test
437	Ulrike Fischer	ulrike.fischer@mailbox.example
438	ZOË ZAÑARTU	ZOE.ZANARTU@CORP.EXAMPLE
439	Nuño Jönsson	nuno.jonsson@ｍａｉｌｂｏｘ．ｅｘａｍｐｌｅ
440	iRIS iBÁÑEZ	iris.ibanez@ops.example
441	René Pérez	RENE.PEREZ@MAILBOX.EXAMPLE
442	Quinn Novák	quinn.novak@ops.example
443	  Zoë   Novák 	zoe.novak@ops.example
444	François Müller	francois.muller@corp.example
445	Ulrike Weiß	ulrike.wei@corp.example
446	Ana Bergström	ana.bergstrom@mail.test
447	Ana Nuñez	ana.nunez@mailbox.example
448	Nuño Andersen	nuno.andersen@mail.test
449	Ólafur Andersen	olafur.andersen@corp.example
450	Émile Takahashi	emile.takahashi@mailbox.example
451	Ólafur Vargas	olafur.vargas@ops.example
452	Björn Andersen	bjorn.andersen@ops.example
453	Iris Ibáñez	iris.ibanez@ops.example
454	Ana Ｐéｒｅｚ	ana.perez@mail.test
455	Ólafur Vargas	olafur.vargas@ｏｐｓ．ｅｘａｍｐｌｅ
456	José Straße	jose.strae@mail.test
457	Émile Zañartu	emile.zanartu@ｃｏｒｐ．ｅｘａｍｐｌｅ
458	Ulrike Fischer	ulrike.fischer@ｍａｉｌｂｏｘ．ｅｘａｍｐｌｅ
459	Yusuf Fischer	yusuf..fisch.er@mailbox.example
460	Søren Andersen	sren.andersen@mailbox.example
461	Ulrike Straße	ulrike.strae@ｃｏｒｐ．ｅｘａｍｐｌｅ
462	Yusuf Müller	yusuf.muller@corp.example
463	François Pérez	francois.perez@ops.example
464	uLRIKE jÖNSSON	ULRIKE.JONSSON@MAILBOX.EXAMPLE
465	Ulrike　López	ulrike​.lopez@ops.example
466	Petra Dvořák	petra.dvorak@corp.example
467	Ólafur Ólafsdóttir	olafur.olafsdottir@corp.example
468	Émile Zañartu	emile.zanartu+x9@mailbox.example
469	Tomáš Ólafsdóttir	tomas.olafsdottir@ops.example
470	Ana Novák	ana.novak@corp.example
471	Đorđe Ramírez	ore.ramirez@corp.example
472	Quinn　Novák	quinn.novak@mail.test
473	Björn Zañartu	bjorn.zanartu@mailbox.example
474	  Quinn   Fischer 	quinn.fischer@mailbox.example
475	jOSÉ øSTERGÅRD	jose.stergard@mailbox.example
476	Quinn Vargas	quinn.​vargas@corp.example
477	Nuño García	NUNO.GARCIA@OPS.EXAMPLE
478	Đorđe Østergård	ore.stergard@corp.example
479	Tomáš Eriksson	tomas.eriksson@corp.example
480	  Björn   Bergström 	bjorn.bergstrom@ｍａｉｌ．ｔｅｓｔ
481	Petra Ramírez	petra.ramirez@corp.example
482	Tomáš‍ Østergård	TOMAS.STERGARD@MAILBOX.EXAMPLE
483	Søren Kovačić	sren.kovacic@ops.example
484	Ana　Eriksson	ana.er​iksson@mailbox.example
485	Grüße Castañeda	grue.castaneda@ops.example
486	Quinn Takahashi	quinn.takahashi@ops.example
487	José Ramírez	jose.ramirez@ops.example
488	Đorđe Castañeda	ore.castaneda@ops.example
489	Björn Vargas	bjorn.vargas@mail.test
490	MARÍA PÉREZ	maria​.perez@mail.test
491	  Tomáš   Pérez 	tomas​.perez@corp.example
492	Zoë­ García	zoe.garcia@ｏｐｓ．ｅｘａｍｐｌｅ
493	  Ulrike   Ibáñez 	ULRIKE.IBANEZ@OPS.EXAMPLE
494	Wei Bergström	wei.bergstrom@corp.example
495	Nuño Ramírez	nuno.ramirez@corp.example
496	rENÉ óLAFSDÓTTIR	rene.olafsdottir@ｍａｉｌｂｏｘ．ｅｘａｍｐｌｅ
497	Wei Bergström	wei.bergstrom@ｍａｉｌ．ｔｅｓｔ
498	Émile Ramírez	emile.ramirez@mailbox.example
499	José Beｒｇｓｔｒöｍ	jose.bergstrom@ｍａｉｌｂｏｘ．ｅｘａｍｐｌｅ
500	Tomáš Ｌóｐｅｚ	TOMAS.LOPEZ@MAIL.TEST
501	éMILE sTRASSE	EMILE.STRAE@CORP.EXAMPLE
502	Ólafur Dvořák	olafur.dvorak@mailbox.example
503	Zoë García	zoe.garcia@mail.test
504	bJÖRN aNDERSEN	bjorn.andersen@mail.test
505	Løve López	lve.lopez@corp.example
506	Ólafur Straße	olafur.strae@ops.example
507	Kübra Weiß	kubra.wei@ops.example
508	Ana Castañeda	ana.castaneda@ops.example
509	SØREN RAMÍREZ	sren.r​amirez@mailbox.example
510	mARÍA kOVAČIĆ	maria.kovacic@ops.example
511	François Jönsson	francois.jonsson@corp.example
512	Kübra Nuñez	kubra.nunez@corp.example
513	Đorđe Weiß	ore.wei@mail.test
514	Kübra Ｍüｌｌｅｒ	KUBRA.MULLER@CORP.EXAMPLE
515	Søren Novák	sren.novak@mailbox.example
516	Chloé Hernández	chloe.hernandez@mailbox.example
517	Chloé López	chloe.lopez@corp.example
518	José Hernández	jose.hernandez@ops.example
519	Émile Ólafsdóttir	emile.olafsdottir@corp.example
520	Wei Nuñez	wei.nunez@corp.example
521	María López	maria.lopez@ｏｐｓ．ｅｘａｍｐｌｅ
522	José Dvořák	jose.dvorak@corp.example
523	Ólafur Vargas	olafur.vargas@mailbox.example
524	Xóchitl Novák	xochitl.novak@corp.example
525	Kübra Fischer	KUBRA.FISCHER@CORP.EXAMPLE
526	Wei Ramírez	wei.ramirez@corp.example
527	Ólafur Takahashi	olafur.takahashi@mail.test
528	Håkon　Takahashi	hakon.takahashi@ｃｏｒｐ．ｅｘａｍｐｌｅ
529	LØVE JÖNSSON	lve.jonsson@ops.example
530	Grüße Hernández	grue.hernandez@ops.example
531	HÅKON TAKAHASHI	HAKON.TAKAHASHI@MAIL.TEST
532	José Fischer	jose.fischer@ops.example
533	Björn Pérez	bjorn.perez@mailbox.example
534	Wei Jönsson	wei.jonsson@ops.example
535	Zoë Fischer	zoe.fischer@mail.test
536	Kübra Fischer	kubra.fischer@mailbox.example
537	B­jörn Fischer	bjorn.fischer@ops.example
538	René Ibáñez	rene.ibanez@mailbox.example
539	Björn Müller	bjorn.muller@mail.test
540	Nuño Müller	nuno.muller@mailbox.example
541	Ana Eriksson	ANA.ERIKSSON@MAILBOX.EXAMPLE
542	Quinn Andersen	quinn.andersen@ops.example
543	Håkon Østergård	hakon.s​tergard@mail.test
544	Kübra Müller	kubra.muller@corp.example
545	Ana Andersen	ana.andersen@ops.example
546	Grüße Ibáñez	grue.ibanez@ops.example
547	Ólafur Vargas	olafur.vargas@mailbox.example
548	mARÍA kOVAČIĆ	maria.​kovacic@mail.test
549	Björn Andersen	bjorn.andersen@mail.test
550	VĚRA IBÁÑEZ	ver.a..ibanez@mailbox.example
551	Iris Dvo­řák	iris.dvorak@ops.example
552	Petra Ibáñez	petra.ibanez@corp.example
553	Tomáš Eriksson	tomas.eriksson@corp.example
554	Wei Dvořák	wei.dvorak@corp.example
555	  Løve   Zañartu 	lve.z​anartu@mailbox.example
556	María Eｒｉｋｓｓｏｎ	maria.eriksson+spam@mailbox.example
557	RENÉ NOVÁK	ren.e.nova.k@mailbox.example
558	Iris Andersen	iris.andersen@corp.example
559	Zoë Andersen	zoe.andersen@ops.example
560	Émile Vargas	emile.vargas@mailbox.example
561	bJÖRN dVOŘÁK	bjorn.dvorak+news@mailbox.example
562	  Håkon   Castañeda 	hakon.castaneda@ops.example
563	Ulrike Takahashi	ulrike.takahashi@mail.test
564	Petra Dvořák	petra.dvorak@mailbox.example
565	Wei Castañeda	wei.castaneda@ｍａｉｌｂｏｘ．ｅｘａｍｐｌｅ
566	Yusu‍f Andersen	YUSUF.ANDERSEN@CORP.EXAMPLE
567	Zoë López	zoe.lopez@mail.test
568	  Søren   Takahashi 	sren.takahashi@ｍａｉｌ．ｔｅｓｔ
569	María Dvořák	maria.dvorak@mail.test
570	Zoë Nová​k	zoe.novak@ｏｐｓ．ｅｘａｍｐｌｅ
571	Ulrike Ramírez	ulrike.ramirez@mailbox.example
572	Tomáš Ibáñez	tomas.ibanez@ops.example
573	Ana Ibáñez	ana.ibanez@mailbox.example
574	François Novák	francois.novak@corp.example
575	Yusuf Fischer	yusuf..fis.cher@mailbox.example
576	mARÍA wEISS	mari​a.wei@ops.example
577	Quinn Øｓｔｅｒｇåｒｄ	quinn.stergard@ｏｐｓ．ｅｘａｍｐｌｅ
578	Émile Straße	emile.strae@corp.example
579	Iris Kovačić	iris.k​ovacic@ops.example
580	María D‍vořák	maria.dvorak@ｍａｉｌ．ｔｅｓｔ
581	Håkon Weiß	hakon.wei+news@mailbox.example
582	René Bergström	rene.bergstrom@mailbox.example
583	Petra Takahashi	petra.takahashi@mailbox.example
584	Søren Ｌóｐｅｚ	sren.lopez+x9@mailbox.example
585	Petra López	petra.lopez@mail.test
586	Yusuf Hernández	yusuf.h​ernandez@mailbox.example
587	jOSÉ cASTAÑEDA	jose.castaneda@corp.example
588	Petra García	petra.garcia@ｃｏｒｐ．ｅｘａｍｐｌｅ
589	Søren Fischer	sren.fischer@mail.test
590	Quinn García	QUINN.GARCIA@MAILBOX.EXAMPLE
591	Tomáš Nuñez	tomas.nunez@corp.example
592	Iris Castañeda	iris.castaneda@mailbox.example
593	María Straße	maria.strae@mail.test
594	rENÉ bERGSTRÖM	rene.be​rgstrom@mail.test
595	Håkon Nuñez	HAKON.NUNEZ@MAILBOX.EXAMPLE
596	Ulrike Novák	ulrike.novak@ops.example
597	Ólafur Kovačić	olafur.kovacic@corp.example
598	We­i Müller	wei.muller@corp.example
599	MARÍA KOVAČIĆ	maria.​kovacic@mail.test
600	Ólafur Ibáñez	olafur.ibanez@corp.example
601	Løve Fischer	lve.fischer@corp.example
602	José Ólafsdóttir	jose.olafsdottir@mail.test
603	Tomáš Andersen	tomas.andersen@mail.test
604	qUINN dVOŘÁK	qu.i.nn.dvorak@mailbox.example
605	René Ramírez	rene.ramirez@ｏｐｓ．ｅｘａｍｐｌｅ
606	kÜBRA dVOŘÁK	kubra.dvorak@ops.example
607	Håkon Zañartu	hakon.zanartu@corp.example
608	Věra Hernández	vera.hernandez@ops.example
609	François Vargas	francois.vargas@ops.example
610	Kübra Cａｓｔａñｅｄａ	kubra.castaneda@mail.test
611	Håkon Østergård	hakon.stergard@ops.example
612	CHLOÉ NOVÁK	CHLOE.NOVAK@MAIL.TEST
613	Wei Hernández	wei.hernandez@corp.example
614	Chloé Ramírez	chloe.ramirez@corp.example
615	René Pérez	rene.perez@corp.example
616	  María   Kovačić 	maria.​kovacic@mail.test
617	José Ólafsdóttir	jose.olafsdottir@ops.example
618	mARÍA nOVÁK	maria.novak@mail.test
619	Björn Zañartu	bjorn.zanartu@mail.test
620	Ulrike We‍iß	ulrike.wei@ops.example
621	Chloé Müller	chloe.muller@corp.example
622	Tomáš Østergård	tomas.stergard@corp.example
623	Zoë Ibáñez	zoe.ibanez@corp.example
624	  Løve   Zañartu 	lve.z​anartu@mailbox.example
625	qUINN øSTERGÅRD	quinn.stergard@ops.example
626	Ólafur Bergström	olafur.bergstrom@ops.example
627	  Iris   Østergård 	iris.s​tergard@mail.test
628	HÅKON ZAÑARTU	hakon.zanartu@corp.example
629	Nuño Jönsson	nuno.jon.ss.on@mailbox.example
630	Håkon Zañartu	hakon.zanartu@ｍａｉｌｂｏｘ．ｅｘａｍｐｌｅ
631	Søren García	sren.garcia@mail.test
632	José Castañeda	jose.castaneda@ops.example
633	xÓCHITL nOVÁK	xochitl.novak@mail.test
634	Iris F­ischer	iris.fischer@ops.example
635	Søren Takahashi	sren.takahashi@mail.test
636	Chloé Ólafsdóttir	chloe.olafsdottir@corp.example
637	Quinn Vargas	quinn.vargas@corp.example
638	Grüße Østergård	grue.stergard@mailbox.example
639	Zoë Novák	zoe.novak@ops.example
640	tOMÁŠ øSTERGÅRD	tomas.s​tergard@mail.test
641	Grüße Takahashi	grue.takahashi@ops.example
642	Björn Müller	bjorn.muller@ｍａｉｌ．ｔｅｓｔ
643	Émile Müller	emile.muller@ｃｏｒｐ．ｅｘａｍｐｌｅ
644	Björn Fischer	bjorn.fischer@ops.example
645	Petra Jönsson	petra.jonsson@corp.example
646	Yusuf Straße	yusuf.strae@mailbox.example
647	  Grüße   Ólafsdóttir 	grue.olafsdottir@mail.test
648	Tomáš Jönsson	tomas.jonsson@corp.example
649	Håkon Dvořák	hakon.dvorak@mail.test
650	jOSÉ wEISS	JOSE.WEI@OPS.EXAMPLE
651	Tomáš Pérez	tomas​.perez@corp.example
652	đORĐE nUÑEZ	ore.nunez@ｍａｉｌｂｏｘ．ｅｘａｍｐｌｅ
653	Chloé López	chloe.lopez@ops.example
654	Tomáš　Straße	tomas​.strae@mail.test
655	Petra Jönsson	petra.jonsson@ops.example
656	đORĐE fISCHER	ore.fischer@mailbox.example
657	Grüße Zañartu	GRUE.ZANARTU@MAIL.TEST
658	Ólafur Ramírez	olafur.ramirez@corp.example
659	  Grüße   López 	g.r.ue.lopez@mailbox.example
660	Håkon Castañeda	hakon.castaneda@mail.test
661	Yusuf Castañeda	yusuf.castaneda@mail.test
662	  Björn   Eriksson 	bjorn.eriksson@corp.example
663	Håkon Castañeda	hakon.castaneda@mailbox.example
664	wEI tAKAHASHI	wei.takahashi@ops.example
665	Ulrike Weiß	ulrike.wei@ops.example
666	hÅKON tAKAHASHI	HAKON.TAKAHASHI@CORP.EXAMPLE
667	Ólafur Mül­ler	olafur.muller@corp.example
668	Ólafur Bergström	olafur.bergstrom@corp.example
669	Kübra Zañartu	kubra.zanartu@mail.test
670	Tomáš Østergård	tomas.stergard@ops.example
671	Émile Ｍüｌｌｅｒ	emile.muller@corp.example
672	Wei Weiß	wei.wei@ops.example
673	Wei Eriksson	wei.eriksson@mail.test
674	Věr​a Jönsson	vera.jonsson@ｍａｉｌ．ｔｅｓｔ
675	Petra Ramírez	petra.ramirez@corp.example
676	René Ramírez	rene.ramirez@mailbox.example
677	NUÑO GARCÍA	nuno.garcia@ops.example
678	  Émile   Ólafsdóttir 	emile.olafsdottir@ｃｏｒｐ．ｅｘａｍｐｌｅ
679	ZOË IBÁÑEZ	zoe.ibanez@ｃｏｒｐ．ｅｘａｍｐｌｅ
680	René Pérez	rene.perez@mail.test
681	Grüße Takahashi	grue.ta​kahashi@ops.example
682	  José   Zañartu 	jose.zanartu@mailbox.example
683	Wei Castañeda	wei.castaneda@mailbox.example
684	Kübra Zañartu	kubra.zanartu@mail.test
685	Kübra Novák	kubra​.novak@mailbox.example
686	Nuño Straße	nuno.​strae@corp.example
687	Věra Takahashi	vera.takahashi@corp.example
688	Zoë Ibáñez	zoe.ibanez@corp.example
689	Đorđe Østergård	ore.stergard@mailbox.example
690	Xóchitl Zañartu	xochitl.zanartu@mail.test
691	José Vargas	jose.vargas@corp.example
692	Ólafur López	olafur.lopez@mailbox.example
693	Ana Dvořák	ana.dvorak@mailbox.example
694	Đorđe Eriksson	ORE.ERIKSSON@MAIL.TEST
695	René Bergström	rene.bergstrom@mail.test
696	Iris Ｌóｐｅｚ	iris.lopez@mail.test
697	ÓLAFUR RAMÍREZ	olafur.​ramirez@ops.example
698	Petra Takahashi	petra.takahashi@corp.example
699	  Xóchitl   Hernández 	xochitl.hernandez@mail.test
700	  Yusuf   Weiß 	YUSUF.WEI@OPS.EXAMPLE
701	Nuño Ramírez	nuno.ramirez@mailbox.example
702	Věra Novák	vera.novak@ops.example
703	Søren Ramírez	sren.ramirez@mail.test
704	FRANÇOIS BERGSTRÖM	francois.bergstrom@corp.example
705	Tomáš Vargas	tomas.vargas@mail.test
706	Håkon Zañartu	hakon.zanartu@ops.example
707	Løve Øsｔｅｒｇåｒｄ	lve.ste.r.gard@mailbox.example
708	María Pérez	maria.perez@ops.example
709	Yusuf Kovačić	yusuf.kovacic+spam@mailbox.example
710	Quinn Jönsson	QUINN.JONSSON@MAIL.TEST
711	Petra Nuñez	petra.nunez@corp.example
712	Grüße Müller	grue.muller@ops.example
713	Kübra Dvořák	kubra.dvorak@mail.test
714	Løve Ibáñez	lve.ibanez@mailbox.example
715	Grüße Ｚａñａｒｔｕ	grue.z​anartu@mail.test
716	  Ólafur   Müller 	olafur.muller@ops.example
717	jOSÉ nOVÁK	jose.novak+x9@mailbox.example
718	Ulrike Jönsson	ulrike.jonsson@mailbox.example
719	vĚRA tAKAHASHI	vera.ta​kahashi@corp.example
720	aNA kOVAČIĆ	ANA.KOVACIC@MAILBOX.EXAMPLE
721	SØREN TAKAHASHI	SREN.TAKAHASHI@MAIL.TEST
722	François Straße	francois.strae@corp.example
723	Petra Weiß	petra.wei@mail.test
724	Yusuf Weiß	yusu​f.wei@mailbox.example
725	René Ｍüｌｌｅｒ	RENE.MULLER@CORP.EXAMPLE
726	Ulrike Pérez	ulrike.perez@ops.example
727	Björn Dvořák	bjorn.dvorak@mailbox.example
728	Ulrike Jönsson	ulrike.jonsson@mail.test
729	Wei Müller	wei.muller@corp.example
730	Wei Novák	wei.novak@mail.test
731	Ólafur‍ Ólafsdóttir	olafur.olafsdottir@ops.example
732	Yusuf Fischer	yusuf.fischer@mailbox.example
733	Grüße Jönsson	grue.jonsson@mailbox.example
734	Nuño Ólafsdóttir	nuno.olafsdottir@mailbox.example
735	Tomáš Østergård	tomas.stergard@mailbox.example
736	Yusuf Kovačić	YUSUF.KOVACIC@MAILBOX.EXAMPLE
737	Håkon​ Zañartu	hakon.zanartu@mailbox.example
738	Zoë　Dvořák	ZOE.DVORAK@CORP.EXAMPLE
739	Iris　López	iris.lopez@ｍａｉｌ．ｔｅｓｔ
740	vĚRA tAKAHASHI	vera.takahashi@corp.example
741	René Dvořák	rene.dvorak@mailbox.example
742	Věra Kovačić	vera.kovacic@ops.example
743	François Hernández	FRANCOIS.HERNANDEZ@MAILBOX.EXAMPLE
744	Quinn Takahashi	QUINN.TAKAHASHI@CORP.EXAMPLE
745	gRÜSSE nUÑEZ	grue.nunez@corp.example
746	Björn Ibáñez	bjorn.ibanez@mail.test
747	mARÍA pÉREZ	maria.perez@ops.example
748	Quinn Bergström	QUINN.BERGSTROM@OPS.EXAMPLE
749	Émile Zañartu	emile.zanartu@mailbox.example
750	Søren Ramírez	sren.r​amirez@mail.test
751	Søren Kovačić	sren.kovacic@corp.example
752	François García	francois.garcia@ops.example
753	Xóchitl Ibáñez	xochitl.ibanez@corp.example
754	Petra Takahashi	petra.takahashi@mail.test
755	lØVE nOVÁK	lve.novak@corp.example
756	Kübra Takahashi	kubra.takahashi@corp.example
757	Kübra Andersen	kubra.andersen@ops.example
758	María Weiß	maria.wei@mail.test
759	María　López	MARIA.LOPEZ@OPS.EXAMPLE
760	Björn Kovačić	bjorn.kovacic@corp.example
761	SØREN GARCÍA	sren.garcia@mail.test
762	Håkon Takahashi	hakon.takahashi@mail.test
763	Søren López	sren.lopez@ｍａｉｌｂｏｘ．ｅｘａｍｐｌｅ
764	  Ólafur   Novák 	olafur.novak@mail.test
765	François Østergård	francois.stergard@ops.example
766	Petra Straße	petra.strae@ops.example
767	YUSUF ANDERSEN	yusuf.a​ndersen@mail.test
768	Chloé Müller	chloe.muller@mail.test
769	sØREN sTRASSE	sren.strae@mailbox.example
770	Quinn Fischer	quinn.fischer@ops.example
771	Kübra Dvořák	kubra.dvorak@mailbox.example
772	Émile Pérez	emile.perez@mail.test
773	Björn Ｚａñａｒｔｕ	bjorn.zanartu@mail.test
774	Grüße Jönsson	grue.j​onsson@corp.example
775	Nuño Ólafsdóttir	nuno.olafsdottir@corp.example
776	Petra García	PETRA.GARCIA@CORP.EXAMPLE
777	Ólafur Ｊöｎｓｓｏｎ	olafur.jonsson@corp.example
778	Tomáš Bｅｒｇｓｔｒöｍ	tomas.bergstrom@ｏｐｓ．ｅｘａｍｐｌｅ
779	Petra Ｄｖｏřáｋ	petra.dvorak@corp.example
780	  Wei   Müller 	wei.muller@ｃｏｒｐ．ｅｘａｍｐｌｅ
781	Émile Kovačić	emile.kovacic@mailbox.example
782	René Eriksson	rene.eriksson@mail.test
783	  Wei   López 	wei.lopez@mail.test
784	Søren Eriksson	sren.eriksson@mail.test
785	Björn Ｍüｌｌｅｒ	BJORN.MULLER@MAIL.TEST
786	lØVE fISCHER	lve.fischer@mail.test
787	René Ólafsdóttir	rene.olafsdottir@mail.test
788	Yusuf Eriksson	yusuf.eriksson@ops.example
789	Løve Ｄｖｏřáｋ	lve.dvorak@ops.example
790	René Straße	rene.strae@corp.example
791	Wei Nuñez	wei.​nunez@corp.example
792	Zoë López	zoe.lopez@ｍａｉｌ．ｔｅｓｔ
793	Tomáš Andersen	tomas.andersen@corp.example
794	Chloé Østergård	chloe.stergard@ops.example
795	Björn García	bjorn.garcia@ops.example
796	đORĐE nOVÁK	ore.novak+spam@mailbox.example
797	Løve Castañed­a	lve.castaneda+spam@mailbox.example
798	Kübra García	kubra.​garcia@corp.example
799	Iris Weiß	iris.wei@mail.test
800	Kübra Kovačić	kubra.kovacic@corp.example
801	Løve Nuñez	lve.​nunez@ops.example
802	Håkon Takahashi	hakon.takahashi@mail.test
803	Yusuf Andersen	yusuf.andersen@mail.test
804	Zoë Ramírez	zoe.ramirez@corp.example
805	Xóchitl Jönsson	xochitl.jonsson@corp.example
806	René Ibáñez	rene.ibanez@corp.example
807	René Hernández	rene.hernandez@mailbox.example
808	  José   Novák 	j.ose.nov.ak@mailbox.example
809	Petra García	petra.garcia@mail.test
810	Quinn Jönsson	quinn.jonsson@corp.example
811	vĚRA wEISS	vera.wei@mail.test
812	Đorđe Fischer	ore.fischer@corp.example
813	Løve Zañartu	lve.zanartu@mailbox.example
814	Quinn Jönsso​n	quinn.jonsson@corp.example
815	Zoë Fischer	zoe.fischer@mailbox.example
816	Petra Castañeda	petra.castaneda@ops.example
817	Iris Andersen	iris.andersen@corp.example
818	Chloé Hernández	chloe.hernandez@mailbox.example
819	Đorđe Straße	ore.strae@mailbox.example
820	Yusuf Takahashi	yusuf.takahashi@mail.test
821	Ana Er​iksson	ana.er​iksson@mail.test
822	Ólafur Vargas	olafur.vargas@ops.example
823	René Nuñez	rene.nunez@mail.test
824	Björn Takahashi	bjorn.takahashi@mailbox.example
825	Yusuf Zañartu	yusuf.zanartu@mailbox.example
826	lØVE nUÑEZ	lve.nunez@ops.example
827	Björn Østergård	bjorn.stergard@ops.example
828	Kübra Jönsson	kubra.jonsson@mailbox.example
829	xÓCHITL rAMÍREZ	xochitl.ramirez@corp.example
830	Nuño Ibáñez	nuno.ibanez@ops.example
831	Søren Pérez	sren.​perez@corp.example
832	Nuño Ramírez	nuno.ramirez@mail.test
833	Tomáš Dvořák	tomas.dvorak@corp.example
834	Quinn Takahashi	quinn.takahashi@mail.test
835	Iris Jönsson	iris.jonsson@ｏｐｓ．ｅｘａｍｐｌｅ
836	kÜBRA kOVAČIĆ	kubra.kovacic@mail.test
837	Věra Ramírez	vera.ramirez@mailbox.example
838	  Zoë   Østergård 	ZOE.STERGARD@MAILBOX.EXAMPLE
839	Iris　Ramírez	iris.ramirez@corp.example
840	Wei López	WEI.LOPEZ@MAIL.TEST
841	François Andersen	francois.andersen@corp.example
842	Xóchitl Kovačić	xochitl.kovacic@corp.example
843	Ulrike Andersen	ulrike.andersen@mail.test
844	  Kübra   Bergström 	kubra.bergstrom@mail.test
845	Ólafur Ibáñez	olafur.ibanez@mail.test
846	Björn Andersen	BJORN.ANDERSEN@MAILBOX.EXAMPLE
847	Đorđe Ibáñez	ore.ibanez@ops.example
848	Björn Bergström	BJORN.BERGSTROM@MAIL.TEST
849	Løve Eriksson	lve.eriksson@mail.test
850	iRIS aNDERSEN	iris.andersen@mail.test
851	Émile Castañeda	emile.castaneda@ops.example
852	Iris Ólafsdóttir	iris.olafsdottir@mailbox.example
853	pETRA bERGSTRÖM	petra.bergstrom@corp.example
854	Håkon Fischer	hakon.fischer@mailbox.example
855	Wei­ Weiß	wei.wei@ｏｐｓ．ｅｘａｍｐｌｅ
856	Ana Andersen	ana.andersen@mailbox.example
857	Quinn Takahashi	quinn.takahashi@mailbox.example
858	Håkon Pérez	hakon.perez@mail.test
859	Xóchitl Nuñez	xochitl.nunez@corp.example
860	Ólafur Weiss	olafu​r.wei@mailbox.example
861	Yusuf Castañeda	YUSUF.CASTANEDA@OPS.EXAMPLE
862	Løve Novák	lve.novak@mail.test
863	Xóchitl Fischer	xochitl.fischer@mailbox.example
864	Chloé Pérez	chloe.perez@ops.example
865	Nuño Bergström	nuno.bergstrom@mail.test
866	Søren Pérez	sren.perez@ops.example
867	Chloé Ｊöｎｓｓｏｎ	chlo.e..jonsson@mailbox.example
868	Zoë Dvořá​k	zoe.dvorak@corp.example
869	María Pérez	maria.perez@mailbox.example
870	éMILE mÜLLER	emile.muller@corp.example
871	Iris Müller	IRIS.MULLER@CORP.EXAMPLE
872	Grüße Andersen	grue.andersen@ops.example
873	Quinn Takahashi	quinn.takahashi@mail.test
874	Grüße　Ólafsdóttir	grue.olafsdottir@mail.test
875	Björn Castañeda	bjorn.castaneda@ops.example
876	Émile Fischer	emile.fischer@mail.test
877	  Ólafur   Fischer 	olafur.fischer@mail.test
878	Ulrike Takahashi	ulrike.takahashi@mail.test
879	NUÑO CASTAÑEDA	nuno.castaneda@ｍａｉｌ．ｔｅｓｔ
880	Đorđe Østergård	ore.stergard@ｃｏｒｐ．ｅｘａｍｐｌｅ
881	Ólafur Weiß	olafur.wei@mailbox.example
882	Søren López	sren.lopez@mailbox.example
883	Wei Caｓｔａñｅｄａ	wei.castaneda@corp.example
884	Petra Müller	petra.muller@corp.example
885	Søren Ｓｔｒａßｅ	SREN.STRAE@CORP.EXAMPLE
886	Tomáš Kovačić	tomas.kovacic@ops.example
887	Håkon Castañeda	hakon.castaneda@corp.example
888	Quinn Bergström	quinn.bergstrom@corp.example
889	Petra Hernández	petra.hernandez@mail.test
890	  Petra   Fischer 	PETRA.FISCHER@CORP.EXAMPLE
891	Émile Ólafsdóttir	emile.olafsdottir@ops.example
892	Ólafur Eriksson	olafur.eriksson@corp.example
893	Håkon Nuñez	hakon.nunez@ops.example
894	Björn Nuñez	bjorn.nunez@mailbox.example
895	Tomáš Vargas	tomas.vargas@ops.example
896	Yusuf Fischer	yusuf.fischer@corp.example
897	S­øren López	s.ren.lop.ez@mailbox.example
898	Tomáš Nuñez	tomas.nunez@ops.example
899	IRIS ØSTERGÅRD	iris.stergard@mail.test
900	María Dvořák	maria.dvorak@ops.example
901	LØVE VARGAS	lve.vargas@ops.example
902	bJÖRN fISCHER	bjorn..f.ischer@mailbox.example
903	  Håkon   Castañeda 	hakon.castaneda@mail.test
904	Émile Ólafsdóttir	EMILE.OLAFSDOTTIR@OPS.EXAMPLE
905	Émile Dvořák	emile.dvorak+x9@mailbox.example
906	Kübra García	kubra.garcia@mail.test
907	  François   Pérez 	FRANCOIS.PEREZ@OPS.EXAMPLE
908	Đorđe Ramírez	ore.ramirez@mailbox.example
909	Émile Novák	emile.novak@corp.example
910	  Björn   Ramírez 	bjorn.ramirez@mailbox.example
911	  René   Hernández 	rene.hernandez@ops.example
912	Kübra Müller	kubra.muller@mail.test
913	Chloé Hernández	chloe.hernandez@ops.example
914	Iris López	iris.lopez@mail.test
915	Ulrike Bergström	ulrike.bergstrom@mailbox.example
916	gRÜSSE wEISS	grue.wei@mail.test
917	sØREN kOVAČIĆ	sren.kovacic@ｍａｉｌｂｏｘ．ｅｘａｍｐｌｅ
918	María Eriksson	maria.eriksson@mail.test
919	Yusuf Strasse	yusuf.strae@ｃｏｒｐ．ｅｘａｍｐｌｅ
920	Émile Takahashi	e.mile.takah.ashi@mailbox.example
921	María Eriksson	maria.eriksson@ｍａｉｌ．ｔｅｓｔ
922	Émile Østergård	EMILE.STERGARD@OPS.EXAMPLE
923	Iris Zañartu	iris.zanartu@corp.example
924	Nuño Bergström	nuno.be​rgstrom@mail.test
925	Đorđe Fischer	ore.fischer@corp.example
926	Quinn Takahashi	quinn.takahashi@corp.example
927	Wei Castañeda	wei.castaneda@mail.test
928	Émile Zañartu	EMILE.ZANARTU@CORP.EXAMPLE
929	Chloé Pérez	CHLOE.PEREZ@OPS.EXAMPLE
930	Iris Fischer	iris.fischer@ops.example
931	Tomáš Fischer	tomas.fischer@ops.example
932	Løve Beｒｇｓｔｒöｍ	lve.bergstrom@ｃｏｒｐ．ｅｘａｍｐｌｅ
933	Xóchi‍tl Hernández	xochitl.hernandez@mail.test
934	François Fischer	francois.fischer@mailbox.example
935	Nuño Straße	nuno.strae@corp.example
936	Kübra Bergström	kubra.bergstrom@mailbox.example
937	Inci Yilmaz	inci@corp.example
938	Ólafur Müller	olafur.muller@ops.example
939	Tomáš Straße	tomas.strae@mail.test
940	IRIS ANDERSEN	iris.andersen@mail.test
941	Đorđe Jönsson	ore.jonss.o.n@mailbox.example
942	Grüße Bergström	grue.bergstrom@corp.example
943	Yusuf Andersen	yusuf.andersen@corp.example
944	Wei Østergård	wei.stergard@mail.test
945	cHLOÉ pÉREZ	chloe​.perez@ops.example
946	Nuño Pérez	NUNO.PEREZ@MAIL.TEST
947	Věra Andersen	vera.andersen@ops.example
948	Quinn Weiß	quinn.wei@mailbox.example
949	Björn Andersen	bjorn.andersen@mailbox.example
950	José Novák	jose.novak@mailbox.example
951	hÅKON fISCHER	hakon.fischer@mailbox.example
952	José‍ Vargas	jose.vargas@corp.example
953	Tomáš　Pérez	tomas.perez@corp.example
954	María Ólafsdóttir	maria.olafsdottir@ops.example
955	Đorđe Bergström	ore.bergstrom@mail.test
956	Ólafur Andersen	olafur.andersen@mailbox.example
957	Kübra Castañeda	kubra.castaneda@mail.test
958	Quinn Hernández	quinn.hernandez@mail.test
959	Grüße García	grue.garcia@mail.test
960	Ólafur　Müller	olafur.muller@corp.example
961	LØVE LÓPEZ	lve.​lopez@mailbox.example
962	Émile Bergström	emile.bergstrom@corp.example
963	Tomáš Jönsson	tomas.jonsson@ops.example
964	Iris Ramírez	iris.ramirez@mail.test
965	Yusuf García	yusuf.garcia@mailbox.example
966	  Björn   Bergström 	bjorn.bergstrom@mailbox.example
967	Tomáš López	tomas.lopez@ｍａｉｌ．ｔｅｓｔ
968	Nuño Vargas	nuno.vargas@ops.example
969	François Nuñez	francois.nunez@corp.example
970	  Quinn   Weiß 	quin​n.wei@mailbox.example
971	Ulrike Andersen	ulrike.andersen@mailbox.example
972	Ulrike　López	ULRIKE.LOPEZ@OPS.EXAMPLE
973	María　Vargas	maria.vargas+news@mailbox.example
974	Xó­chitl Jönsson	xochitl.jonsson@ｍａｉｌｂｏｘ．ｅｘａｍｐｌｅ
975	Émile Kovačić	emile.kovacic@corp.example
976	Émile Nuñez	emile.nunez@ops.example
977	Løve Bergström	lve.bergstrom@corp.example
978	  Petra   Dvořák 	petra.dvorak+spam@mailbox.example
979	Søren Ólａｆｓｄóｔｔｉｒ	sren.olafsdottir@ｏｐｓ．ｅｘａｍｐｌｅ
980	María Østergård	maria.stergard@mailbox.example
981	bJÖRN aNDERSEN	BJORN.ANDERSEN@MAILBOX.EXAMPLE
982	René Zañartu	rene.zanartu@ops.example
983	Yusuf Straße	yusuf.strae@corp.example
984	Yusuf Castañeda	yusuf.castaneda@ops.example
985	Håkon Zañartu	hakon.zanartu@corp.example
986	SØREN DVOŘÁK	sren.​dvorak@ops.example
987	Håkon Kovačić	hakon.​kovacic@corp.example
988	Chloé Kovačić	chloe.kovacic@corp.example
989	Håkon Castañeda	hakon.castaneda@ｍａｉｌ．ｔｅｓｔ
990	Đorđe Jönsson	ore.jonsson@corp.example
991	Kübra Ｋｏｖａčｉć	kubra.​kovacic@corp.example
992	Løve López	LVE.LOPEZ@MAILBOX.EXAMPLE
993	Đorđe Novák	ore.novak@mailbox.example
994	Iris Andersen	iris.andersen@corp.example
995	Søren Straße	sren.strae@mailbox.example
996	Chloé Hernández	chloe.hernandez@mail.test
997	Ólafur Takahashi	olafur.takahashi@corp.example
998	François Nuñez	francois.nunez@mail.test
999	Løve Jönsson	lve.jonsson@ops.example
1000	K­übra Pérez	kubra.perez@mailbox.example
1001	Wei Jönsson	wei.jonsson@mailbox.example
1002	jOSÉ dVOŘÁK	jose.dvorak@corp.example
1003	Tomáš Straße	tomas.strae@mailbox.example
1004	Iris Dvořák	iris.dvorak@ops.example
1005	Søren Castañeda	sren.castaneda@ops.example
1006	Iris Straße	iris.strae@corp.example
1007	Tomáš López	tomas.lopez@mail.test
1008	René Ramírez	rene.ramirez@corp.example
1009	María Ｗｅｉß	mari​a.wei@ops.example
1010	François Bergström	francois.bergstrom@corp.example
1011	María Pérez	maria.perez@ops.example
1012	Håkon Zañartu	hakon.zanartu@mail.test
1013	Yusuf Eriksson	yusuf.eriksson@ops.example
1014	Chloé Nuñez	chloe.nunez@mail.test
1015	Iris Vargas	iris.vargas@mail.test
1016	Quinn Ólafsdóttir	quinn.olafsdottir@ops.example
1017	Søren Østergård	sren.stergard@mail.test
1018	Émile López	emile.lopez@mailbox.example
1019	Løve Ramírez	lve.ramirez@ｍａｉｌｂｏｘ．ｅｘａｍｐｌｅ
1020	xÓCHITL mÜLLER	xochitl.muller@mailbox.example
1021	Iris Müller	iris.muller@corp.example
1022	Søren Nuñez	sren.nunez@ops.example
1023	Petra García	PETRA.GARCIA@CORP.EXAMPLE
1024	Iris P​érez	iris.perez@mailbox.example
1025	Věra Jönsso​n	vera.jonsson@mailbox.example
1026	jOSÉ mÜLLER	jose.​muller@mail.test
1027	Grüße Østergård	grue.stergard@ops.example
1028	Ana Takahashi	ana.takahashi@mailbox.example
1029	Tomáš Weiß	tomas.wei@ops.example
1030	Xóchitl Nuñez	xochitl.nunez@corp.example
1031	Quinn Kovačić	quinn.kovacic@ops.example
1032	Ólafur Vargas	olafur.vargas@mail.test
1033	Kübra Weiß	k.ubr.a.wei@mailbox.example
1034	Xóchitl Nuñez	xochitl.nunez@mail.test
1035	óLAFUR nOVÁK	olafur.novak@corp.example
1036	Løve Rａｍíｒｅｚ	LVE.RAMIREZ@MAILBOX.EXAMPLE
1037	Chloé Vargas	chloe.vargas@mail.test
1038	Yusuf Pérez	yusuf.perez@ops.example
1039	Grüße Pérez	grue.perez@ops.example
1040	Ulrike Ramírez	ulrike.ramirez@ops.example
1041	Émile Pérez	emile.perez@mailbox.example
1042	Iris López	iris.lopez@corp.example
1043	María López	maria.lopez@ops.example
1044	aNA zAÑARTU	ana.zanartu@ｍａｉｌ．ｔｅｓｔ
1045	Tomáš Ólafsd‍óttir	tomas.olafsdottir@corp.example
1046	éMILE eRIKSSON	emile.eriksson@corp.example
1047	Yusuf Kovačić	yusuf.kovacic@corp.example
1048	JOSÉ MÜLLER	jose.muller@ｍａｉｌ．ｔｅｓｔ
1049	Iris Fｉｓｃｈｅｒ	iris.fischer@ops.example
1050	François Bergström	francois.bergstrom@corp.example
1051	Xóchitl García	xochitl.garcia@mailbox.example
1052	Chloé Dvořák	chloe.dvorak@mail.test
1053	François Ibáñez	francois.ibanez@corp.example
1054	Petra Fischer	petra.fischer@ops.example
1055	P­etra Jönsson	petra.jonsson@ops.example
1056	René Ólafsdóttir	rene.olafsdottir@mailbox.example
1057	Ulrike Lóp­ez	ulrike.lopez@ops.example
1058	José Nuñez	jose.nunez@mail.test
1059	Søren Dvořák	sren.dvorak@mailbox.example
1060	René Ramírez	rene.ramirez@corp.example
1061	María Dvořák	maria.dvorak@mailbox.example
1062	Tomáš Zañartu	tomas.zanartu@mailbox.example
1063	Ulrike Novák	ulrike.novak@mailbox.example
1064	Quinn Bergström	quinn.bergstrom@ops.example
1065	kÜBRA cASTAÑEDA	kubra.castaneda@mail.test
1066	Ólafur Ｆｉｓｃｈｅｒ	olafur.fischer@mail.test
1067	Yu‍suf López	yusuf.lopez@ｍａｉｌｂｏｘ．ｅｘａｍｐｌｅ
1068	Yusuf Aｎｄｅｒｓｅｎ	YUSUF.ANDERSEN@MAIL.TEST
1069	óLAFUR vARGAS	olafur.vargas@mail.test
1070	Søren Takahashi	sren.ta​kahashi@mail.test
1071	qUINN tAKAHASHI	quinn.t​akahashi@mail.test
1072	Ana Weiß	ANA.WEI@MAIL.TEST
1073	Kübra　Bergström	kubra.b​ergstrom@mail.test
1074	pETRA eRIKSSON	petra.eriksson@ops.example
1075	René Ｄｖｏřáｋ	rene.dvorak@mail.test
1076	Ana Eriksson	ana.eriksson+spam@mailbox.example
1077	Đorđe Straße	ore.strae@ops.example
1078	Đorđe Takahashi	ore.takahashi@ｍａｉｌｂｏｘ．ｅｘａｍｐｌｅ
1079	Quinn Strasse	QUINN.STRAE@CORP.EXAMPLE
1080	Zoë Fischer	zoe.fischer@ｍａｉｌ．ｔｅｓｔ
1081	Ólafur Novák	olafur.novak@mail.test
1082	François Jönsson	francois.jonsson@corp.example
1083	René Ｉｂáñｅｚ	rene.ibanez@corp.example
1084	Xóchitl Takahashi	xochitl.takahashi@mail.test
1085	François Vargas	francois.vargas@corp.example
1086	Grüße Ólafsdóttir	grue.olafsdottir@mailbox.example
1087	Ulrike Müller	ulrike.muller@corp.example
1088	Ana Pérez	ana.perez@mail.test
1089	Chloé Jönsson	CHLOE.JONSSON@OPS.EXAMPLE
1090	Quinn Østergård	quinn.stergard@mailbox.example
1091	José Ramírez	jose.ramirez@corp.example
1092	Yusuf Hernández	yusuf.hernandez@mail.test
1093	Ólafur Müller	olafur.muller@mail.test
1094	Nuño Ramírez	nuno.ramirez@mail.test
1095	nUÑO vARGAS	nuno.vargas@corp.example
1096	Grüße Takahash​i	grue.takahashi@ops.example
1097	Věra Takahashi	vera.takahashi@ops.example
1098	Petra García	petra.garcia@corp.example
1099	aNA pÉREZ	ana.perez@corp.example
1100	Kübra Fischer	kubra.fischer+spam@mailbox.example
1101	Ulrike Dvořák	ulrike.dvorak@mail.test
1102	Søren Takahashi	sren.takahashi@ops.example
1103	xÓCHITL pÉREZ	xochitl.perez@corp.example
1104	Wei Vargas	wei.vargas@mail.test
1105	René Ólafsdóttir	rene.olafsdottir@mailbox.example
1106	Petra Pérez	petra.perez@mailbox.example
1107	Xóchitl Novák	xochitl.novak@corp.example
1108	René Novák	rene.novak@mailbox.example
1109	Věra Vargas	vera.vargas@mail.test
1110	Chloé Dvořák	chloe.dvorak@corp.example
1111	IRIS JÖNSSON	iris.j​onsson@corp.example
1112	Đorđe Ｌóｐｅｚ	ORE.LOPEZ@OPS.EXAMPLE
1113	TOMÁŠ RAMÍREZ	tomas.​ramirez@ops.example
1114	Ólafur García	olafur.garcia@mail.test
1115	Iris Eriksson	iris.eriksson@corp.example
1116	FRANÇOIS ANDERSEN	francois.andersen@corp.example
1117	XÓCHITL NOVÁK	xochit​l.novak@mail.test
1118	Björn Jönsson	bjorn.jonsson@mailbox.example
1119	René Ólaｆｓｄóｔｔｉｒ	RENE.OLAFSDOTTIR@MAIL.TEST
1120	René Müller	rene.muller@corp.example
1121	Zoë Bergström	zoe.bergstrom@mailbox.example
1122	Zoë López	zoe.lopez@ops.example
1123	José Ｇａｒｃíａ	JOSE.GARCIA@MAIL.TEST
1124	Björn Jönsson	bjorn.jonsson@mail.test
1125	XÓCHITL ØSTERGÅRD	xochitl.stergard+spam@mailbox.example
1126	Wei Ólafsdóttir	wei.olafsdottir@ops.example
1127	Xóchitl Novák	xochitl.novak@mail.test
1128	Søren Ｇａｒｃíａ	sren.​garcia@mail.test
1129	Quinn Eriksson	quinn.eriksson@ops.example
1130	Quinn Weiß	quinn.wei+spam@mailbox.example
1131	Grüße Zañartu	GRUE.ZANARTU@OPS.EXAMPLE
1132	uLRIKE vARGAS	ulrike.vargas@ops.example
1133	Zoë Vargas	zoe.vargas@corp.example
1134	Ana Weiss	ana​.wei@mail.test
1135	Chloé Jönsson	chloe.jonsson@corp.example
1136	Ana Zañartu	ana.zanartu@mail.test
1137	Incı Yilmaz	inci@corp.example
1138	René Dvořák	rene.dvorak@mail.test
1139	Zoë Weiß	zoe.wei@corp.example
1140	KÜBRA RAMÍREZ	KUBRA.RAMIREZ@MAILBOX.EXAMPLE
1141	WEI DVOŘÁK	wei.d​vorak@corp.example
1142	pETRA dVOŘÁK	petra.dvorak@ops.example
1143	Løve Mül‍ler	lve.muller@mail.test
1144	María Eriksson	maria.eriksson@mailbox.example
1145	Wei García	wei.garcia@mail.test
1146	Chloé Zañartu	chloe.zanartu@ops.example
1147	Yusuf Bergström	yusuf.bergstrom@corp.example
1148	Løve Fｉｓｃｈｅｒ	lve.fischer@mail.test
1149	  Yusuf   Pérez 	yusuf.perez@ops.example
1150	Iris Ｉｂáñｅｚ	iris.ibanez@ｏｐｓ．ｅｘａｍｐｌｅ
1151	Zoë Zañartu	zoe.zanartu@corp.example
1152	Søren Ramírez	sren.ramirez@corp.example
1153	Håkon López	hakon.lopez@mail.test
1154	Løve Müller	lve.muller@mail.test
1155	  Xóchitl   Hernández 	xochitl.hernandez@ops.example
1156	Quinn Fischer	quinn.fischer@mailbox.example
1157	Løve Jöｎｓｓｏｎ	LVE.JONSSON@OPS.EXAMPLE
1158	José García	jose.garcia@mail.test
1159	Petra Castañeda	petra.c​astaneda@ops.example
1160	Ólafur Müller	olafur.muller@ｏｐｓ．ｅｘａｍｐｌｅ
1161	Håkon Østergård	hakon.stergard@mailbox.example
1162	  José   Jönsson 	jose.jonsson@mail.test
1163	Tomáš Andersen	TOMAS.ANDERSEN@MAIL.TEST
1164	Kübra Ｍüｌｌｅｒ	kubra.muller@ｃｏｒｐ．ｅｘａｍｐｌｅ
1165	TOMÁŠ DVOŘÁK	tomas.dvorak@ｍａｉｌ．ｔｅｓｔ
1166	Ólafur Vargas	olafur.vargas@ops.example
1167	nUÑO sTRASSE	nuno.strae@corp.example
1168	Tomáš Kovačić	tomas.kovacic@ops.example
1169	René Strasse	rene.strae@ｍａｉｌｂｏｘ．ｅｘａｍｐｌｅ
1170	Wei Weiß	wei.wei@mail.test
1171	Yusuf Nuñez	yusuf.nunez@corp.example
1172	Ulrike López	ulrike.lopez@ops.example
1173	José Weiss	jose.wei@ops.example
1174	Petra Straße	petra.strae@corp.example
1175	Tomáš Bergström	tomas.bergstrom@mailbox.example
1176	Věra López	vera.lopez@corp.example
1177	María Pérez	maria.perez@corp.example
1178	Ólafur Takahashi	olafur.takahashi@ops.example
1179	María Fischer	maria.fischer@corp.example
1180	Chloé Novák	chloe.novak@ｍａｉｌ．ｔｅｓｔ
1181	Věra López	vera.lopez@corp.example
1182	Đorđe Jönsson	ore.j​onsson@mailbox.example
1183	IRIS ØSTERGÅRD	iris.s​tergard@mail.test
1184	Grüße Hernández	grue.hernandez@mailbox.example
1185	Chloé Weiß	chloe.wei+spam@mailbox.example
1186	Yusuf Weiß	yusuf.wei@ops.example
1187	  Wei   Castañeda 	WEI.CASTANEDA@CORP.EXAMPLE
1188	María Zañartu	maria.zanartu@mailbox.example
1189	Kübra Bergström	kubra.bergstrom@mail.test
1190	TOMÁŠ ANDERSEN	TOMAS.ANDERSEN@MAIL.TEST
1191	Émile Dvořák	emile.dvorak@mailbox.example
1192	Ólafur Fischer	olafur.fischer@mail.test
1193	René Beｒｇｓｔｒöｍ	rene.bergstrom@mail.test
1194	Xóchitl Ramírez	xochitl.ramirez@ops.example
1195	François　Ibáñez	francoi​s.ibanez@corp.example
1196	  Věra   Østergård 	vera.stergard@ｏｐｓ．ｅｘａｍｐｌｅ
1197	René Pé‍rez	rene.perez@ｍａｉｌｂｏｘ．ｅｘａｍｐｌｅ
1198	Kübra Pérez	kubra.perez@mail.test
1199	José Øsｔｅｒｇåｒｄ	jose.stergard@ops.example
1200	Løve Ólafsdóttir	lve.olafsdottir@corp.example
1201	Věra Jönsson	vera.jonsson@mail.test
1202	Věra Nuñez	vera.nunez@mailbox.example
1203	María Kovačić	maria.kovacic@mail.test
1204	Đorđe García	ORE.GARCIA@MAILBOX.EXAMPLE
1205	Håkon ­Fischer	hakon.fischer@ｍａｉｌｂｏｘ．ｅｘａｍｐｌｅ
1206	hÅKON hERNÁNDEZ	hakon.hernandez@mail.test
1207	Věra Müller	vera.muller@ops.example
1208	Björn Aｎｄｅｒｓｅｎ	bjorn.andersen@ops.example
1209	Ana Novák	ana.novak@ops.example
1210	Quinn Dvoř‍ák	QUINN.DVORAK@OPS.EXAMPLE
1211	Björn Ibáñez	bjorn.ibanez@mail.test
1212	Søren Castañeda	sren.castaneda@ｍａｉｌｂｏｘ．ｅｘａｍｐｌｅ
1213	Quinn Kovač​ić	quinn.kovacic@mail.test
1214	Xóchitl Pérez	xochitl.perez@corp.example
1215	Løve Castañeda	lve.ca​staneda@corp.example
1216	René Müller	rene.muller@corp.example
1217	Yusuf　López	yusuf​.lopez@mailbox.example
1218	Đorđe　López	ore.lopez@ｍａｉｌｂｏｘ．ｅｘａｍｐｌｅ
1219	Quinn Østergård	quinn.stergard@ops.example
1220	Ulrike Ｆｉｓｃｈｅｒ	ULRIKE.FISCHER@MAILBOX.EXAMPLE
1221	Håkon García	hakon.​garcia@corp.example
1222	Ana Pérez	ana.perez@corp.example
1223	Løve​ Østergård	LVE.STERGARD@MAILBOX.EXAMPLE
1224	SØREN NUÑEZ	SREN.NUNEZ@MAILBOX.EXAMPLE
1225	Zoë Müller	zoe.muller@mail.test
1226	Søren Dvořák	sren.dvorak@ops.example
1227	Yusuf Ólafsdóttir	yusuf.olafsdottir@corp.example
1228	María Eriksson	maria.eriksson@mail.test
1229	François Østergård	francois.stergard@mail.test
1230	Nuño Pérez	nuno.perez@mail.test
1231	Kübra Ｇａｒｃíａ	kubra.garcia@ｃｏｒｐ．ｅｘａｍｐｌｅ
1232	Grüße Novák	grue.novak@mailbox.example
1233	Søren Bergström	sren.bergstrom@mailbox.example
1234	Ulrike Ólafsdóttir	ulrike.olafsdottir@corp.example
1235	Nuño Castañeda	nuno.castaneda@mail.test
1236	yUSUF nOVÁK	yusuf.novak@mail.test
1237	fRANÇOIS rAMÍREZ	francois.ramirez@corp.example
1238	Wei Kovačić	wei.kovacic@mailbox.example
1239	Ana Ｐéｒｅｚ	ana.perez@corp.example
1240	Émile Dvořák	emile.dvorak@corp.example
1241	Nuño Takahashi	nuno.takahashi@corp.example
1242	mARÍA nOVÁK	maria.novak@ops.example
1243	Věra Takahashi	VERA.TAKAHASHI@CORP.EXAMPLE
1244	Nuño Jönsson	nuno.jonsson@mailbox.example
1245	BJÖRN BERGSTRÖM	bjo.rn.be.rgstrom@mailbox.example
1246	Émile­ Pérez	emil.e.per.ez@mailbox.example
1247	René Pérez	rene.perez@mailbox.example
1248	Wei López	wei.lopez@mail.test
1249	Chloé Jönsson	chloe.jonsson@mail.test
1250	Ulrike Fischer	ulrike.fischer@ops.example
1251	Đorđe Bergström	ore.bergstrom@ops.example
1252	René　Ibáñez	RENE.IBANEZ@MAILBOX.EXAMPLE
1253	Iris Nuñez	iris.nunez@mail.test
1254	Petra Zañartu	petra.zanartu@corp.example
1255	NUÑO HERNÁNDEZ	nuno.hernandez@ops.example
1256	Iris Pérez	iris.perez@mailbox.example
1257	Løve Takahashi	lve.takahashi@corp.example
1258	Løve Nuñez	lve.nunez@ops.example
1259	Håkon Østergård	hakon.stergard@mail.test
1260	  Iris   Zañartu 	iris.zanartu@ops.example
1261	José Casta­ñeda	JOSE.CASTANEDA@MAILBOX.EXAMPLE
1262	Håkon　Nuñez	hako.n.nun.ez@mailbox.example
1263	José Weiß	jose.wei@ops.example
1264	Věra Bergs​tröm	VERA.BERGSTROM@CORP.EXAMPLE
1265	Quinn Ramírez	quinn.ramirez@mailbox.example
1266	gRÜSSE lÓPEZ	grue.lopez@mail.test
1267	Émile Kovačić	emile.kovacic@mail.test
1268	  Petra   Takahashi 	petra.takahashi@corp.example
1269	hÅKON mÜLLER	hakon.muller@ｍａｉｌｂｏｘ．ｅｘａｍｐｌｅ
1270	iRIS wEISS	iris.wei@ｃｏｒｐ．ｅｘａｍｐｌｅ
1271	Iris Kovačić	iris.kovacic@ops.example
1272	Iris Fischer	IRIS.FISCHER@OPS.EXAMPLE
1273	Věra Bergström	vera.bergstrom@ops.example
1274	Kü​bra Fischer	kubra.fischer@ops.example
1275	Søren Straße	sren.strae@ops.example
1276	Grüße Eriksson	grue.eriksson@mail.test
1277	Björn Eriksson	bjorn.eriksson@mail.test
1278	Věra Andersen	vera.andersen@corp.example
1279	Løve Jönsson	lve.jonsson@mail.test
1280	Věra López	vera.​lopez@corp.example
1281	  Petra   Pérez 	petra.perez@ｍａｉｌｂｏｘ．ｅｘａｍｐｌｅ
1282	María Vargas	maria.vargas@corp.example
1283	François Zañartu	francois.zanartu@mailbox.example
1284	Ulrike Ramírez	ulrike.ramirez@corp.example
1285	Iris Zañartu	iris.z​anartu@ops.example
1286	Ana Ibáñez	ana.ibanez@mail.test
1287	Ana Müller	ana.muller@mailbox.example
1288	BJÖRN VARGAS	bjorn.​vargas@ops.example
1289	Tomáš Fischer	tomas.fischer@mail.test
1290	Věra Castañeda	vera.castaneda@mailbox.example
1291	ANA PÉREZ	ana.perez@mail.test
1292	Petra　Pérez	petra​.perez@mailbox.example
1293	Ólafur López	olafur.lopez@ops.example
1294	François Pérez	francois.perez@corp.example
1295	María Ramírez	maria.ramirez@mailbox.example
1296	mARÍA rAMÍREZ	maria.ramirez@mail.test
1297	  Nuño   Ramírez 	nuno.r​amirez@mail.test
1298	Yusuf Ramírez	yusuf.ramirez@ops.example
1299	  Petra   Takahashi 	petra.takahashi@corp.example
1300	Quinn García	quinn.garcia@mailbox.example
1301	Håkon Øｓｔｅｒｇåｒｄ	HAKON.STERGARD@MAIL.TEST
1302	Björn　Andersen	bjorn.andersen@mail.test
1303	Grüße Straße	grue.strae@ops.example
1304	HÅKON KOVAČIĆ	hakon.kovacic@ｃｏｒｐ．ｅｘａｍｐｌｅ
1305	  Grüße   Takahashi 	grue.ta​kahashi@mailbox.example
1306	Björn Jönsson	bjorn.​jonsson@mailbox.example
1307	Søren Hernández	sren.hernandez@ops.example
1308	Kübra Vargas	kubra.vargas@ops.example
1309	Iris Castañeda	iris.castaneda@ops.example
1310	Søren Straße	sren.strae@mail.test
1311	éMILE kOVAČIĆ	EMILE.KOVACIC@MAIL.TEST
1312	Tomáš Østergård	tomas.stergard@mail.test
1313	Petra　Takahashi	petra.takahashi@mailbox.example
1314	Kübra Østergård	kubra.stergard@mailbox.example
1315	Đorđe Müller	ore.muller@corp.example
1316	Émile Müller	emile.muller@mail.test
1317	Quinn Weiß	quinn.wei@ｏｐｓ．ｅｘａｍｐｌｅ
1318	Grüße Ólafsdóttir	grue.olafsdottir@mail.test
1319	óLAFUR óLAFSDÓTTIR	olafur.olafsdottir@mail.test
1320	Tomáš Ｚａñａｒｔｕ	tomas.zanartu@ｍａｉｌｂｏｘ．ｅｘａｍｐｌｅ
1321	René Weiß	rene.wei@mail.test
1322	Quinn Dvořák	quinn.dvorak@mailbox.example
1323	Émile Ram‍írez	EMILE.RAMIREZ@MAILBOX.EXAMPLE
1324	Iris Ramírez	iris.ramirez@corp.example
1325	Nuño Zañartu	NUNO.ZANARTU@CORP.EXAMPLE
1326	ÓLAFUR ÓLAFSDÓTTIR	olafur.ol​afsdottir@corp.example
1327	Ulrike Fischer	ulrike.fischer@ｍａｉｌｂｏｘ．ｅｘａｍｐｌｅ
1328	Ulrike Müller	ulrike.muller@mailbox.example
1329	François Müller	francois.muller@mailbox.example
1330	Kübra­ Bergström	KUBRA.BERGSTROM@MAIL.TEST
1331	Ulrike Ibáñez	ulrike.ibanez@ops.example
1332	Ana Jönsson	ana.jonsson@mailbox.example
1333	Ulrike Pérez	ulrike.perez@ops.example
1334	Émile Ramírez	emile.ramirez@mailbox.example
1335	Iris Andersen	iris.andersen@mail.test
1336	Nuño Dvořák	nuno.dvorak@ops.example
1337	Chloé Zañartu	chloe.zanartu@mail.test
1338	Quinn Cａｓｔａñｅｄａ	QUINN.CASTANEDA@OPS.EXAMPLE
1339	KÜBRA ANDERSEN	KUBRA.ANDERSEN@OPS.EXAMPLE
1340	bJÖRN bERGSTRÖM	BJORN.BERGSTROM@MAIL.TEST
1341	  Ulrike   Jönsson 	ulrike.jonsson@mailbox.example
1342	Xóchitl Nuñez	xochitl.nunez@mailbox.example
1343	Kübra Weiß	kubra.wei@mailbox.example
1344	Ulrike Ólafsdóttir	ulrike.olafsdottir@corp.example
1345	Wei Straße	wei.strae@mailbox.example
1346	Xóchitl Hernández	xochitl.hernandez@ops.example
1347	Ulr​ike Pérez	ulrike​.perez@ops.example
1348	Ólafur Nuñez	olafur.nunez@corp.example
1349	José Müller	jose.muller@ｍａｉｌ．ｔｅｓｔ
1350	François López	francois.lopez@corp.example
1351	Kübra Eriksson	kubra.eriksson@ops.example
1352	René Fischer	rene.fischer@mailbox.example
1353	René Vargas	rene.vargas@ｍａｉｌ．ｔｅｓｔ
1354	bJÖRN mÜLLER	BJORN.MULLER@MAIL.TEST
1355	François Bergström	francois.bergstrom@ops.example
1356	Émile Ibáñez	emile.ibanez@ops.example
1357	Wei Bergström	wei.bergstrom@mail.test
1358	Grüße Hｅｒｎáｎｄｅｚ	grue.hernandez@ｏｐｓ．ｅｘａｍｐｌｅ
1359	vĚRA hERNÁNDEZ	vera.hernandez@ｏｐｓ．ｅｘａｍｐｌｅ
1360	Tomáš　Weiß	tomas.wei@mail.test
1361	José Eriksson	jose.eriksson@mailbox.example
1362	Ulrike　Andersen	ulrike.andersen+spam@mailbox.example
1363	vĚRA bERGSTRÖM	vera.bergstrom@ops.example
1364	Søren Ｇａｒｃíａ	sren.garcia@corp.example
1365	Ana Eriksson	ana.eriksson@mailbox.example
1366	Søren Straße	sren.strae@corp.example
1367	Chloé Bergström	chloe.bergstrom@mailbox.example
1368	Quinn Weiss	QUINN.WEI@MAILBOX.EXAMPLE
1369	Håkon García	hakon.garcia@corp.example
1370	Grüße Takahashi	GRUE.TAKAHASHI@OPS.EXAMPLE
1371	Ul​rike Jönsson	ULRIKE.JONSSON@OPS.EXAMPLE
1372	José Hernández	jose.hernandez@corp.example
1373	wEI cASTAÑEDA	wei.castaneda@ｃｏｒｐ．ｅｘａｍｐｌｅ
1374	Yusuf Østergård	yusuf.stergard@mailbox.example
1375	  María   Zañartu 	maria.zanartu+spam@mailbox.example
1376	IRIS MÜLLER	iris.muller@corp.example
1377	Émile Andersen	emile.andersen@mail.test
1378	Yusuf Hernández	yus.uf.hernande.z@mailbox.example
1379	Quinn Hernández	quinn.hernandez@ops.example
1380	Đorđe Hernández	ore.hernandez@mail.test
1381	Björn Kovačić	bjorn.kovacic@mailbox.example
1382	Chloé Jönsson	chloe.jonsson@mailbox.example
1383	Đorđe García	ore.garcia@mailbox.example
1384	Quinn Straße	quinn.strae@ops.example
1385	Petra Ｄｖｏřáｋ	petra.dvorak@corp.example
1386	Émile Østergå‍rd	emile.stergard@corp.example
1387	Ana López	ana.lopez@mailbox.example
1388	Iris Andersen	iris.andersen@ops.example
1389	  Chloé   Pérez 	chloe.perez@ops.example
1390	Kübra Ramírez	kubra.ramirez@mailbox.example
1391	Zoë Weiß	zoe.wei@corp.example
1392	Ana Straße	ana.strae+x9@mailbox.example
1393	René Ram‍írez	rene.ramirez@ｏｐｓ．ｅｘａｍｐｌｅ
1394	uLRIKE tAKAHASHI	ulrike.takahashi@mail.test
1395	Ana Casta‍ñeda	ana.castaneda@ops.example
1396	Nuño Zañartu	nuno.zanartu@mail.test
1397	Løve Ibáñez	lve.ibanez@mailbox.example
1398	Søren Ramírez	sren.ramirez@mailbox.example
1399	qUINN kOVAČIĆ	quinn.kovacic@ｍａｉｌｂｏｘ．ｅｘａｍｐｌｅ
1400	Émile Østergård	emile.stergard@ops.example
1401	Løve Ibáñez	lve.ibanez@mailbox.example
1402	pETRA wEISS	petra.wei@mailbox.example
1403	gRÜSSE gARCÍA	grue.garcia@mail.test
1404	René Zañartu	rene.zanartu@mail.test
1405	đORĐE óLAFSDÓTTIR	ore.olafsdottir@corp.example
1406	Quinn Dvořák	quinn.​dvorak@ops.example
1407	  Iris   Pérez 	iris.perez+news@mailbox.example
1408	René Hernández	rene.hernandez@ops.example
1409	Petra Andersen	petra.andersen@ｏｐｓ．ｅｘａｍｐｌｅ
1410	François Weiß	francois.wei@mail.test
1411	tOMÁŠ gARCÍA	tomas.garcia@mail.test
1412	Émile Hernánd​ez	emi.le.her.nandez@mailbox.example
1413	Sam Poole	s.poole+a@corp.example
1414	François López	francois.lopez@mail.test
1415	Chloé García	chloe.garcia@corp.example
1416	Iris López	IRIS.LOPEZ@MAIL.TEST
1417	Ólafur García	olafur.garcia@mailbox.example
1418	José Zａñａｒｔｕ	jose.zanartu@ｍａｉｌｂｏｘ．ｅｘａｍｐｌｅ
1419	Björn Eriksson	bjorn.eriksson@mailbox.example
1420	  Iris   García 	IRIS.GARCIA@OPS.EXAMPLE
1421	Tomáš Eri­ksson	tomas.eriksson@corp.example
1422	Nuño García	nuno.garcia@ops.example
1423	  Ólafur   Eriksson 	olafur.eriksson@corp.example
1424	tOMÁŠ pÉREZ	tomas.perez@ops.example
1425	Søren Ólafsdóttir	sren.olafsdottir@corp.example
1426	Søren Pérez	sren.perez@corp.example
1427	Håkon Nuñez	hakon.nunez@mailbox.example
1428	François　García	francoi​s.garcia@ops.example
1429	Ulrike Andersen	ulrike.andersen@mail.test
1430	Tomáš Østergård	tomas.stergard@ｍａｉｌ．ｔｅｓｔ
1431	Kübra Ｎｏｖáｋ	k.ub.ra.novak@mailbox.example
1432	Björn Bergström	bjorn.bergstrom@ops.example
1433	Chloé Hernández	chloe.hernandez@ops.example
1434	Ólafur Ibá­ñez	olafur.ibanez@mail.test
1435	Håkon Eriksson	hakon.eriksson@mail.test
1436	Iris Eriksson	iris.eriksson@mailbox.example
1437	Wei Bergström	wei.bergstrom@mailbox.example
1438	BJÖRN ANDERSEN	bjorn.andersen@ops.example
1439	Ulrike Jönsson	ulrike.jonsson@ops.example
1440	Wei Nuñez	wei.nunez@mail.test
1441	Ulrike Ramírez	ulrike.ramirez@corp.example
1442	Zoë Lóp​ez	zoe.lopez@mailbox.example
1443	  Ulrike   Bergström 	ulrike.bergstrom@ops.example
1444	Løve Hernández	lve.hernandez@ops.example
1445	  Björn   Eriksson 	bjorn.e​riksson@mailbox.example
1446	Nuño Zañartu	nuno.zanartu@mailbox.example
1447	Zoë Weiß	zoe.wei@ops.example
1448	Wei Dvořák	wei.dvorak@ops.example
1449	Ana Dvořák	ana.dvorak@ops.example
1450	rENÉ cASTAÑEDA	rene.castaneda@corp.example
1451	Wei Dvořák	wei.dvorak@mailbox.example
1452	Đorđe Nuñez	ore.nunez@mail.test
1453	Grüße Ólａｆｓｄóｔｔｉｒ	grue.olafsdottir@ｍａｉｌ．ｔｅｓｔ
1454	Zoë G‍arcía	zoe.garcia@ops.example
1455	zOË sTRASSE	zoe.strae@mail.test
1456	Quinn Castañeda	quinn.castaneda@ｏｐｓ．ｅｘａｍｐｌｅ
1457	Věra López	VERA.LOPEZ@CORP.EXAMPLE
1458	Björn Ramírez	bjorn.ramirez@mailbox.example
1459	Nuño Zañartu	nuno.zanartu@ｃｏｒｐ．ｅｘａｍｐｌｅ
1460	lØVE óLAFSDÓTTIR	lve.ola​fsdottir@corp.example
1461	Věra Novák	vera.novak@corp.example
1462	fRANÇOIS hERNÁNDEZ	francois.hernandez@ｍａｉｌｂｏｘ．ｅｘａｍｐｌｅ
1463	Zoë Eriksson	zoe.eriksson@mailbox.example
1464	Věra Vargas	vera.vargas@mailbox.example
1465	Zoë Østergård	zoe.stergard@mailbox.example
1466	Petra Nuñez	petra.nunez@ops.example
1467	Løve Straße	lve.strae@ops.example
1468	Đorđe Hernández	ore.hernandez@mailbox.example
1469	Đorđe　Ramírez	ore.ramirez@corp.example
1470	Ulrike López	ulrike.lopez@mailbox.example
1471	Nuño López	nuno.lopez@mail.test
1472	Løve Müller	LVE.MULLER@MAIL.TEST
1473	Søren Ólafsdóttir	sren.olafsdottir@ops.example
1474	Petra Weiß	petra.wei@mailbox.example
1475	Grüße Pé­rez	grue.perez@ops.example
1476	  Ólafur   Andersen 	olafur.and.erse.n@mailbox.example
1477	Iris Andersen	iris.andersen@mailbox.example
1478	Zoë Østergård	zoe.stergard@mailbox.example
1479	xÓCHITL wEISS	xochitl.wei@corp.example
1480	Håkon Eriksson	hakon.eriksson@corp.example
1481	Nuño Hernández	nuno.hernandez@corp.example
1482	Đorđe Fischer	ore.fischer@corp.example
1483	Quinn Østergård	quinn.stergard@corp.example
1484	JOSÉ NOVÁK	jose.n.ova.k@mailbox.example
1485	Nuño Bergström	nuno.bergstrom@ｍａｉｌ．ｔｅｓｔ
1486	PETRA NUÑEZ	petra​.nunez@ops.example
1487	Ólafur Nuñez	olafur.nunez@ops.example
1488	To­máš Østergård	tomas.sterg.ar.d@mailbox.example
1489	mARÍA fISCHER	maria.​fischer@mailbox.example
1490	Chloé Jönsson	chloe.jonsson@ops.example
1491	Zoë　Zañartu	ZOE.ZANARTU@CORP.EXAMPLE
1492	Wei Vargas	wei.vargas@mail.test
1493	Iris Novák	iris.novak@mailbox.example
1494	cHLOÉ óLAFSDÓTTIR	chloe.olafsdottir@mailbox.example
1495	Ólafur Jönsson	olafur.jonsson@corp.example
1496	Émile Castañeda	emile.castaneda@ops.example
1497	pETRA aNDERSEN	petra.andersen@mail.test
1498	Tomáš López	tomas.lopez@ops.example
1499	Wei Vargas	WEI.VARGAS@MAIL.TEST
1500	Quinn Østergård	quinn.stergard@mail.test
1501	Sam Poole	spoole@corp.example
1502	mARÍA cASTAÑEDA	maria.castaneda@mail.test
1503	  Iris   Jönsson 	iris.jonsson@ｃｏｒｐ．ｅｘａｍｐｌｅ
1504	Håkon Zañartu	ha.kon.zanart.u@mailbox.example
1505	Zoë Nuñez	zoe.nunez@corp.example
1506	Petra Jönsson	petra.jonsson@mail.test
1507	Løve Novák	lve.novak@corp.example
1508	Xóchitl Weiß	xochitl.wei@ops.example
1509	Wei Pérez	wei.perez@mail.test
1510	Björn Kovačić	bjorn.kovacic@ｍａｉｌｂｏｘ．ｅｘａｍｐｌｅ
1511	Chloé Hernández	chloe.hernandez@mailbox.example
1512	Løve Fischer	lve.fischer@mail.test
1513	Émile Zañartu	emile.zanartu@ops.example
1514	Đorđe López	ore.lopez@mailbox.example
1515	Věra García	vera.garcia@mail.test
1516	Ulrike　Straße	ulrike.strae@corp.example
1517	Đorđe Ólafsdóttir	ore.olafsdottir@corp.example
1518	Đorđe Nuñez	ore.​nunez@mailbox.example
1519	  Tomáš   Jönsson 	tomas.jonsson@ｍａｉｌｂｏｘ．ｅｘａｍｐｌｅ
1520	Tomáš Jönsson	tomas.jonsson@mailbox.example
1521	José Castañeda	jose.castaneda@mailbox.example
1522	Émile Pérez	emile.perez@ops.example
1523	Nuño Castañeda	nuno.ca​staneda@mail.test
1524	JOSÉ VARGAS	jose.vargas@ｃｏｒｐ．ｅｘａｍｐｌｅ
1525	xÓCHITL hERNÁNDEZ	XOCHITL.HERNANDEZ@MAIL.TEST
1526	  Ulrike   López 	ulrike.lopez@mailbox.example
1527	Émile Tａｋａｈａｓｈｉ	emile.takahashi+x9@mailbox.example
1528	Ulrike Østergård	ulrike.stergard@mailbox.example
1529	  Quinn   Weiß 	quin​n.wei@corp.example
1530	Yusuf Weiss	yusuf.wei@ops.example
1531	vĚRA jÖNSSON	vera.j​onsson@mail.test
1532	Wei Weiß	wei.wei@ｍａｉｌ．ｔｅｓｔ
1533	Xóchitl Hernández	xochitl.hernandez@ops.example
1534	Petra Jönsson	petra.jonsson@ｏｐｓ．ｅｘａｍｐｌｅ
1535	Iris Andersen	iris.andersen@mail.test
1536	Grüße Jönsson	grue.jonsson@corp.example
1537	Quinn Ramírez	quinn.ramirez@ops.example
1538	Émile Castañeda	emile.castaneda@mailbox.example
1539	Zoë Müller	zoe.muller@corp.example
1540	Kübra Kovačić	kubra.kovacic@ops.example
1541	Wei Beｒｇｓｔｒöｍ	wei.bergstrom@ｃｏｒｐ．ｅｘａｍｐｌｅ
1542	María Østergård	maria.stergard@mail.test
1543	René Ramírez	rene.r​amirez@corp.example
1544	Iris Østergård	iris.stergard@mail.test
1545	René Kovačić	rene.kovacic@corp.example
1546	Ém​ile Østergård	emile.stergard@ops.example
1547	Xóchitl Fischer	xochitl.fischer@ops.example
1548	Björn Bergström	bjorn.bergstrom@mailbox.example
1549	Quinn Pérez	quinn.perez@mail.test
1550	  Quinn   Østergård 	quinn.stergard@ops.example
1551	PETRA TAKAHASHI	petra.takahashi@ｃｏｒｐ．ｅｘａｍｐｌｅ
1552	Nuño Müller	nuno.muller@mail.test
1553	Björn Castañeda	bjorn.castaneda@ops.example
1554	éMILE óLAFSDÓTTIR	emile.olafsdottir@mail.test
1555	éMILE nUÑEZ	emile.nunez@ｏｐｓ．ｅｘａｍｐｌｅ
1556	Grüße Ibáñez	grue.ibanez@mail.test
1557	Đorđe Jönsson	ore.jonsson@mailbox.example
1558	Løve Weiß	lve.wei@ops.example
1559	Wei Hernández	wei.hernandez@ops.example
1560	Håkon Bergström	hakon.bergstrom@corp.example
1561	Tomáš Hernández	tomas.hernandez@mail.test
1562	Nuño Østergård	nuno.stergard@ops.example
1563	nUÑO bERGSTRÖM	NUNO.BERGSTROM@MAIL.TEST
1564	Ulr‍ike Jönsson	ULRIKE.JONSSON@OPS.EXAMPLE
1565	Ulrike Straße	ulrike.strae@corp.example
1566	François Vargas	francois.vargas@mailbox.example
1567	Wei Weiß	wei.wei@ops.example
1568	Chloé Cａｓｔａñｅｄａ	chloe.castaneda@mail.test
1569	Björn Bergström	bjorn.bergstrom@ops.example
1570	Tomáš Eriksson	tomas.eriksson@mail.test
1571	Zoë Novák	zoe.novak@corp.example
1572	ZOË ØSTERGÅRD	zoe.stergard@ｍａｉｌｂｏｘ．ｅｘａｍｐｌｅ
1573	Ulrike López	ulrike.lopez@mailbox.example
1574	Tomáš Ólafsdó­ttir	tomas.olafsdottir@ｃｏｒｐ．ｅｘａｍｐｌｅ
1575	Grüße Eriksson	grue.eriksson@ｍａｉｌ．ｔｅｓｔ
1576	Chloé Ólafsdóttir	chloe.olafsdottir@mail.test
1577	  Ólafur   Eriksson 	olafur.eriksson@corp.example
1578	Grüße Hernández	grue.hernandez@corp.example
1579	Wei Castañeda	wei..castaned.a@mailbox.example
1580	María Dvo­řák	MARIA.DVORAK@MAIL.TEST
1581	cHLOÉ wEISS	chloe.wei@ops.example
1582	Petra　Castañeda	petra.castaneda@ｏｐｓ．ｅｘａｍｐｌｅ
1583	Tomáš Nuñez	tomas.nunez@mailbox.example
1584	Sør­en Novák	SREN.NOVAK@MAILBOX.EXAMPLE
1585	María Pérez	maria.perez@mail.test
1586	Iris Andersen	iris.ander.s.en@mailbox.example
1587	Iris Weiss	iris.wei@mail.test
1588	Nuño Zañartu	nuno.zanartu@corp.example
1589	Quin‍n Fischer	quinn.fischer@mailbox.example
1590	Björn Takahashi	bjorn.takahashi@ops.example
1591	Kübra Bergström	kubra.b​ergstrom@corp.example
1592	María Zañartu	maria.zanartu@mail.test
1593	Håkon Castañeda	HAKON.CASTANEDA@MAIL.TEST
1594	Björn Eriksson	bjorn.eriksson@corp.example
1595	WEI CASTAÑEDA	wei..c.astaneda@mailbox.example
1596	Ulrike Eriksson	ulrike.eriksson@mailbox.example
1597	Björn Bergström	BJORN.BERGSTROM@OPS.EXAMPLE
1598	Kübra García	kubra.garcia@corp.example
1599	Løve Müller	lve.muller@mailbox.example
1600	Søren García	sren.garcia@corp.example
1601	Nuño López	nuno.lopez@mailbox.example
1602	ZOË IBÁÑEZ	zoe.ibanez@corp.example
1603	Yusuf Weiß	yusuf.wei@mailbox.example
1604	Đorđe Takahashi	ore.takahashi@mailbox.example
1605	Xóchitl Takahashi	xochitl.takahashi@corp.example
1606	Zoë Müller	zoe.muller@corp.example
1607	Chloé Hernández	chloe.hernandez@mail.test
1608	Grüße López	GRUE.LOPEZ@CORP.EXAMPLE
1609	José Vargas	jose.vargas@mail.test
1610	François Hernández	francois.hernandez@corp.example
1611	José Pérez	jose.perez@corp.example
1612	Iris Fischer	iris.fischer@mailbox.example
1613	Yusuf Weiss	YUSUF.WEI@MAILBOX.EXAMPLE
1614	José Zañartu	jose.zanartu+news@mailbox.example
1615	Chloé Ｄｖｏřáｋ	chloe.dvorak@mail.test
1616	Wei Pérez	wei.perez@mail.test
1617	Søren Kov‍ačić	sren.kovacic@ｍａｉｌｂｏｘ．ｅｘａｍｐｌｅ
1618	Løve Castañeda	lve.castaneda@mailbox.example
1619	Ana Zañartu	ana.zanartu@mailbox.example
1620	Petra Ramírez	petra.ramirez@mail.test
1621	François López	francois.lopez@mailbox.example
1622	Quinn Ibáñez	quinn.ibanez@mailbox.example
1623	Quinn Weiß	quinn.wei@ops.example
1624	  Đorđe   Nuñez 	ore.nunez@ｍａｉｌｂｏｘ．ｅｘａｍｐｌｅ
1625	Tomáš Takahashi	tomas.takahashi@ops.example
1626	Ólafur Takahashi	olafur.takahashi@mailbox.example
1627	Đorđe Zañartu	ore.zanartu@mail.test
1628	  Émile   Pérez 	emile.perez@ｏｐｓ．ｅｘａｍｐｌｅ
1629	sØREN sTRASSE	sren.strae@ｃｏｒｐ．ｅｘａｍｐｌｅ
1630	tOMÁŠ vARGAS	tomas.​vargas@mail.test
1631	Håkon Bergström	hakon.bergstrom@mailbox.example
1632	Věra Ibáñez	vera.ibanez@mailbox.example
1633	Quinn Dvořák	quinn.dvorak@ops.example
1634	Chloé Eriksson	chloe.eriksson@mail.test
1635	François Øｓｔｅｒｇåｒｄ	FRANCOIS.STERGARD@OPS.EXAMPLE
1636	Iris Nuñez	iris.nunez@mailbox.example
1637	Chloé Jönsson	chloe.jonsson@corp.example
1638	Ana Jönsson	ana.jonsson@ops.example
1639	Chloé Bergström	chloe.bergstrom@corp.example
1640	Věra Dvořák	vera.dvorak@mailbox.example
1641	  Søren   Ramírez 	SREN.RAMIREZ@MAIL.TEST
1642	Grüße Zañartu	grue.zanartu@mailbox.example
1643	Björn Weiß	bjorn.wei@mailbox.example
1644	José Bergström	jose.bergstrom@corp.example
1645	Håkon López	hakon.lopez@ops.example
1646	  Løve   Nuñez 	LVE.NUNEZ@OPS.EXAMPLE
1647	Tomáš Ramírez	tomas.ramirez@corp.example
1648	Ulrike Kovačić	ulrike.kovacic@mail.test
1649	Đorđe Vargas	ore.vargas@corp.example
1650	aNA øSTERGÅRD	ana.stergard@mail.test
1651	Chloé Hernández	chlo.e..hernandez@mailbox.example
1652	Björn Novák	bjorn.novak@corp.example
1653	François　Bergström	francois.​bergstrom@corp.example
1654	Løve Pérez	lve.perez@corp.example
1655	Petra Andersen	petra.andersen@ops.example
1656	José Müller	jose.muller@corp.example
1657	Émile Weiß	emile.wei@mail.test
1658	É​mile Dvořák	e.m.ile.dvorak@mailbox.example
1659	Ulrike Ibáñez	ulrike.ibanez@ops.example
1660	Wei Ólafsdóttir	wei.olafsdottir@corp.example
1661	Chloé Hernández	chloe.hernandez@ｏｐｓ．ｅｘａｍｐｌｅ
1662	Håkon Müller	HAKON.MULLER@MAILBOX.EXAMPLE
1663	Yusuf Straße	yusuf.strae@mail.test
1664	René Andersen	rene.andersen@corp.example
1665	Håkon Castañeda	hakon.castaneda@ops.example
1666	Kübra Hernández	kubra.hernandez@mail.test
1667	Đorđe Zañartu	ore.zanartu@ops.example
1668	Nuño Andersen	nuno.andersen@mailbox.example
1669	Ana Weiß	ana.wei@mail.test
1670	Ulrike Bergström	ulrike.bergstrom@ops.example
1671	José Takahashi	jose.takahashi@mail.test
1672	Grüße Andersen	grue.andersen@ｏｐｓ．ｅｘａｍｐｌｅ
1673	Håkon‍ Hernández	hakon.hernandez@ops.example
1674	wEI vARGAS	wei.vargas@ｍａｉｌ．ｔｅｓｔ
1675	Grüße Dvořák	grue.dvorak@corp.example
1676	Ólafur Vargas	olafur.vargas@mail.test
1677	François‍ García	francois.garcia@ｏｐｓ．ｅｘａｍｐｌｅ
1678	Iris Dvořák	iris.dvorak@ops.example
1679	José Nuñez	jose.nunez@mail.test
1680	Björn Dvořák	bjorn.dvorak@ops.example
1681	Đorđe López	or.e.lope.z@mailbox.example
1682	Émile Zañartu	emile.zanartu@corp.example
1683	Émile Ibáñez	emile.ibanez@mailbox.example
1684	Ólafur Andersen	olafur.andersen@corp.example
1685	JOSÉ DVOŘÁK	jose.dvorak@corp.example
1686	Håkon Straße	hakon.strae@ops.example
1687	Petra López	petra.lopez@ops.example
1688	Zoë Ólafsdóttir	zoe.olafsdottir@ｍａｉｌｂｏｘ．ｅｘａｍｐｌｅ
1689	Đorđe Andersen	ore.andersen@mailbox.example
1690	cHLOÉ nUÑEZ	chloe​.nunez@mail.test
1691	Q‍uinn Pérez	quinn.perez@mail.test
1692	Quinn Weiß	quinn.wei@corp.example
1693	PETRA TAKAHASHI	petra.tak.a.hashi@mailbox.example
1694	Yusuf Weiß	yusuf.wei@corp.example
1695	PETRA NUÑEZ	petra.nunez@ops.example
1696	Björn Pérez	bjo.rn.p.erez@mailbox.example
1697	  Émile   Ólafsdóttir 	emile.olafsdottir@ｏｐｓ．ｅｘａｍｐｌｅ
1698	aNA øSTERGÅRD	ana.stergard@ops.example
1699	Tomáš Jön­sson	TOMAS.JONSSON@OPS.EXAMPLE
1700	Tomáš Pérez	tomas.perez@corp.example
1701	María Fis‍cher	maria.fischer@ｃｏｒｐ．ｅｘａｍｐｌｅ
1702	José Zañartu	jose.zanartu@mailbox.example
1703	Věra Jönsson	vera.jonsson@corp.example
1704	Nuño Müller	nuno.muller@ops.example
1705	Grüße García	grue.garcia@corp.example
1706	José Ibáñez	jose.ibanez@mail.test
1707	Chloé Weiß	chloe.wei@mail.test
1708	C‍hloé Müller	chloe.muller@corp.example
1709	  María   Ramírez 	maria.ramirez+news@mailbox.example
1710	Tomáš Øｓｔｅｒｇåｒｄ	tomas.s​tergard@mailbox.example
1711	Ana Andersen	ana.andersen@mail.test
1712	Xóchitl Jönsson	xochitl.jonsson@mailbox.example
1713	René Dvořák	rene.dvorak@mail.test
1714	YUSUF TAKAHASHI	YUSUF.TAKAHASHI@MAIL.TEST
1715	Ulrike Kovačić	ulrike.kovacic@ops.example
1716	iRIS zAÑARTU	iris.zanartu@ｏｐｓ．ｅｘａｍｐｌｅ
1717	éMILE eRIKSSON	emile.eriksson@corp.example
1718	T‍omáš Castañeda	tomas.castaneda@mail.test
1719	Kübra Hernández	kubra.hernandez@ops.example
1720	María Bergström	maria.bergstrom@ops.example
1721	Ólafur　Eriksson	OLAFUR.ERIKSSON@CORP.EXAMPLE
1722	YUSUF MÜLLER	YUSUF.MULLER@CORP.EXAMPLE
1723	Iris Jönsson	iris.jonsson@ｏｐｓ．ｅｘａｍｐｌｅ
1724	Løve López	lve.lopez@mailbox.example
1725	Wei García	wei.garcia@ops.example
1726	Kübra Øｓｔｅｒｇåｒｄ	kubra.stergard@mailbox.example
1727	Yusuf Kovačić	yusuf.kovacic@mailbox.example
1728	Ren‍é Straße	RENE.STRAE@MAILBOX.EXAMPLE
1729	Nuño Heｒｎáｎｄｅｚ	nuno.hernandez@ops.example
1730	François Weiß	francois.wei@mailbox.example
1731	Xóchitl López	xochitl.lopez@mailbox.example
1732	pETRA jÖNSSON	PETRA.JONSSON@OPS.EXAMPLE
1733	José Jöｎｓｓｏｎ	jose.j​onsson@mail.test
1734	  Émile   Ibáñez 	EMILE.IBANEZ@MAIL.TEST
1735	Grüße Pérez	grue.perez@mail.test
1736	Kübra Fischer	kubra.fischer@ops.example
1737	Ólafur Eriksson	olafur.eriksson@ops.example
1738	Kübra Fischer	kubra.fischer@corp.example
1739	IRIS JÖNSSON	iris.jonsson@ｏｐｓ．ｅｘａｍｐｌｅ
1740	Ólafur Ramírez	olafur.ramirez@ops.example
1741	Tomáš Ｊöｎｓｓｏｎ	tomas.jonsson@corp.example
1742	Ana Zañartu	ana.zanartu@ｍａｉｌｂｏｘ．ｅｘａｍｐｌｅ
1743	Grüße López	grue.lopez@corp.example
1744	  Zoë   Dvořák 	zoe.dvorak@mailbox.example
1745	Håkon Vargas	hakon.vargas@corp.example
1746	María　López	maria.lopez@ops.example
1747	Wei Castañeda	wei.castaneda@corp.example
1748	Wei Jönsson	wei.jonsson@corp.example
1749	Émile Hｅｒｎáｎｄｅｚ	emile.hernandez@ｍａｉｌｂｏｘ．ｅｘａｍｐｌｅ
1750	  Løve   Novák 	lve.novak@ｃｏｒｐ．ｅｘａｍｐｌｅ
1751	mARÍA gARCÍA	maria.garcia@mail.test
1752	Quinn Weiß	quinn.wei@corp.example
1753	René García	rene.garcia@ops.example
1754	Nuño Jönsson	nuno.jonsson@mail.test
1755	  Ólafur   Jönsson 	olafur.​jonsson@corp.example
1756	Søren Fischer	sren.fischer@corp.example
1757	Ólafur Ólafsdóttir	olafur.olafsdottir@ops.example
1758	Iris Kovačić	iris.kovacic@ops.example
1759	gRÜSSE pÉREZ	grue.perez@ｏｐｓ．ｅｘａｍｐｌｅ
1760	Nuño Andersen	nuno.andersen@ｍａｉｌ．ｔｅｓｔ
1761	François Straße	francois.strae@mail.test
1762	Ólafur Ólafsdóttir	olafur.olafsdottir@mailbox.example
1763	René Vargas	rene.vargas@mail.test
1764	Émile Strasse	emile.strae@corp.example
1765	WEI NUÑEZ	wei.nunez@corp.example
1766	Grüße Ramírez	grue.ramirez@corp.example
1767	René Castañeda	rene.castaneda@corp.example
1768	  Chloé   Hernández 	chloe.hernandez@mail.test
1769	Björn Ｄｖｏřáｋ	bjorn.​dvorak@mailbox.example
1770	René Kovačić	rene.kovacic@mail.test
1771	  Wei   Bergström 	wei.bergstrom@corp.example
1772	Quinn Takahashi	quinn.takahashi@corp.example
1773	  Løve   Vargas 	lve.vargas@ops.example
1774	Björn Fischer	bjorn.fischer@mailbox.example
1775	wEI nUÑEZ	wei.nunez@ops.example
1776	Chloé Ól‍afsdóttir	CHLOE.OLAFSDOTTIR@MAIL.TEST
1777	Wei Ibáñez	wei.ibanez@mail.test
1778	Émile ‍Pérez	emile.perez@ops.example
1779	François García	francois.garcia@ｏｐｓ．ｅｘａｍｐｌｅ
1780	Björn　Kovačić	bjorn.kovacic@ｍａｉｌｂｏｘ．ｅｘａｍｐｌｅ
1781	María Nuñez	maria.nunez@corp.example
1782	Tomáš ​Weiß	TOMAS.WEI@MAIL.TEST
1783	Věra Ólafsdóttir	vera.olafsdottir@mailbox.example
1784	Petra Fischer	petra.fischer@corp.example
1785	Løve Dvořák	lve.dvorak@ops.example
1786	Chloé Andersen	chloe.andersen@mail.test
1787	Chloé Ramírez	chloe.ramirez@mailbox.example
1788	Ana　Castañeda	ana.castaneda@ops.example
1789	Věra Ólafsdóttir	vera.olafsdottir@mail.test
1790	María Vargas	maria.vargas@mailbox.example
1791	  Iris   Andersen 	iris.a​ndersen@corp.example
1792	  Håkon   Bergström 	hakon.bergstrom@ｍａｉｌｂｏｘ．ｅｘａｍｐｌｅ
1793	Iris Dvořák	iris.dvorak@mail.test
1794	René Straße	rene.strae@corp.example
1795	Đorđe Østergård	ore.stergard@mail.test
1796	Håkon ­López	HAKON.LOPEZ@MAIL.TEST
1797	Tomáš Müller	tomas.muller@mail.test
1798	Věra Jöｎｓｓｏｎ	vera.j​onsson@mail.test
1799	François Andersen	francois.andersen@ops.example
1800	Chloé Novák	chloe.novak@mail.test
1801	Søren Ｓｔｒａßｅ	sren.​strae@mail.test
1802	Wei Dｖｏřáｋ	wei.dvorak@ｃｏｒｐ．ｅｘａｍｐｌｅ
1803	Ulrike Castañeda	ulrike.castaneda@mailbox.example
1804	María Nuñez	maria.nunez@ops.example
1805	Tomáš Weiß	tomas.wei@mail.test
1806	Ana Eriksson	ana.eriksson@mail.test
